order_id,customer_id,order_date,status
1,197,2024-01-08,completed
2,238,2024-01-22,completed
3,340,2024-01-02,returned
4,39,2024-01-28,completed
5,249,2024-01-07,completed
6,57,2024-01-15,returned
7,195,2024-01-14,completed
8,176,2024-01-11,completed
9,509,2024-01-27,returned
10,430,2024-01-03,completed
11,306,2024-01-01,completed
12,340,2024-01-15,returned
13,251,2024-01-03,completed
14,159,2024-01-02,cancelled
15,196,2024-01-03,completed
16,17,2024-01-11,completed
17,183,2024-01-03,completed
18,183,2024-01-25,completed
19,53,2024-01-18,completed
20,344,2024-01-08,completed
21,173,2024-01-12,completed
22,491,2024-01-14,cancelled
23,235,2024-01-11,completed
24,192,2024-01-26,completed
25,307,2024-01-18,cancelled
26,340,2024-01-02,completed
27,245,2024-01-12,completed
28,292,2024-01-12,completed
29,338,2024-01-11,returned
30,446,2024-01-01,cancelled
31,133,2024-01-11,completed
32,551,2024-01-10,completed
33,311,2024-01-05,completed
34,557,2024-01-21,completed
35,229,2024-01-28,completed
36,253,2024-01-16,completed
37,460,2024-01-25,completed
38,496,2024-01-18,completed
39,59,2024-01-14,completed
40,463,2024-01-04,completed
41,193,2024-01-23,completed
42,380,2024-01-09,completed
43,188,2024-01-24,returned
44,512,2024-01-12,completed
45,457,2024-01-22,completed
46,53,2024-01-09,completed
47,27,2024-01-06,completed
48,88,2024-01-03,completed
49,525,2024-01-25,completed
50,381,2024-01-07,completed
51,48,2024-01-21,completed
52,359,2024-01-21,completed
53,255,2024-01-19,completed
54,552,2024-01-02,returned
55,585,2024-01-07,completed
56,167,2024-01-28,completed
57,316,2024-01-12,completed
58,213,2024-01-01,completed
59,436,2024-01-22,completed
60,253,2024-01-08,completed
61,35,2024-01-13,completed
62,378,2024-01-24,completed
63,446,2024-01-28,completed
64,432,2024-01-05,completed
65,348,2024-01-03,completed
66,208,2024-01-24,completed
67,282,2024-01-15,completed
68,209,2024-01-28,completed
69,337,2024-01-15,completed
70,79,2024-01-05,completed
71,349,2024-01-03,completed
72,269,2024-01-21,completed
73,238,2024-01-01,completed
74,252,2024-01-16,completed
75,135,2024-01-14,cancelled
76,360,2024-01-11,completed
77,183,2024-01-08,completed
78,242,2024-01-26,returned
79,16,2024-01-19,completed
80,434,2024-01-11,cancelled
81,234,2024-01-03,returned
82,421,2024-01-18,cancelled
83,569,2024-01-23,completed
84,494,2024-01-03,completed
85,240,2024-01-02,completed
86,345,2024-01-28,completed
87,177,2024-01-11,completed
88,17,2024-01-23,returned
89,436,2024-01-18,completed
90,399,2024-01-27,completed
91,507,2024-01-16,completed
92,157,2024-01-09,completed
93,403,2024-01-03,completed
94,292,2024-01-08,completed
95,344,2024-01-26,returned
96,133,2024-01-26,completed
97,102,2024-01-21,completed
98,7,2024-01-28,completed
99,294,2024-02-21,completed
100,367,2024-02-20,completed
101,450,2024-02-02,cancelled
102,196,2024-02-05,completed
103,28,2024-02-27,completed
104,468,2024-02-05,completed
105,17,2024-02-22,completed
106,516,2024-02-07,completed
107,118,2024-02-21,completed
108,537,2024-02-14,cancelled
109,367,2024-02-20,completed
110,387,2024-02-09,cancelled
111,415,2024-02-11,completed
112,419,2024-02-08,completed
113,569,2024-02-06,cancelled
114,199,2024-02-28,completed
115,38,2024-02-20,cancelled
116,211,2024-02-16,returned
117,467,2024-02-25,completed
118,3,2024-02-22,completed
119,24,2024-02-27,returned
120,250,2024-02-26,completed
121,477,2024-02-21,completed
122,269,2024-02-14,completed
123,366,2024-02-20,completed
124,73,2024-02-10,completed
125,195,2024-02-14,completed
126,436,2024-02-03,completed
127,482,2024-02-12,completed
128,115,2024-02-21,completed
129,480,2024-02-16,completed
130,482,2024-02-16,completed
131,585,2024-02-24,completed
132,588,2024-02-08,completed
133,103,2024-02-13,completed
134,163,2024-02-27,completed
135,340,2024-02-17,completed
136,457,2024-02-04,completed
137,251,2024-02-24,completed
138,454,2024-02-04,completed
139,552,2024-02-25,completed
140,583,2024-02-11,completed
141,426,2024-02-27,cancelled
142,350,2024-02-16,returned
143,172,2024-02-22,completed
144,156,2024-02-28,completed
145,520,2024-02-25,completed
146,464,2024-02-07,returned
147,85,2024-02-09,completed
148,559,2024-02-25,completed
149,306,2024-02-26,completed
150,168,2024-02-15,completed
151,195,2024-02-02,completed
152,148,2024-02-25,completed
153,463,2024-02-24,completed
154,21,2024-02-11,completed
155,241,2024-02-14,completed
156,192,2024-02-04,completed
157,334,2024-02-01,completed
158,325,2024-02-13,returned
159,133,2024-02-09,completed
160,540,2024-02-03,completed
161,432,2024-02-08,completed
162,388,2024-02-06,completed
163,17,2024-02-21,completed
164,445,2024-02-19,completed
165,525,2024-02-22,completed
166,531,2024-02-15,completed
167,237,2024-02-21,completed
168,312,2024-02-08,completed
169,103,2024-02-07,completed
170,91,2024-02-06,completed
171,598,2024-02-20,cancelled
172,179,2024-02-17,completed
173,417,2024-02-17,completed
174,415,2024-02-25,completed
175,424,2024-02-27,completed
176,251,2024-02-18,completed
177,141,2024-02-21,completed
178,249,2024-02-22,completed
179,148,2024-02-04,completed
180,267,2024-02-20,completed
181,190,2024-02-17,returned
182,138,2024-02-01,completed
183,406,2024-02-12,completed
184,498,2024-02-24,cancelled
185,64,2024-02-17,completed
186,294,2024-02-19,completed
187,480,2024-02-08,completed
188,336,2024-03-03,completed
189,163,2024-03-07,completed
190,300,2024-03-22,completed
191,28,2024-03-05,completed
192,7,2024-03-01,completed
193,232,2024-03-25,cancelled
194,164,2024-03-26,completed
195,196,2024-03-16,completed
196,79,2024-03-14,cancelled
197,524,2024-03-05,completed
198,431,2024-03-10,completed
199,452,2024-03-23,completed
200,446,2024-03-08,completed
201,586,2024-03-15,completed
202,267,2024-03-19,completed
203,323,2024-03-16,completed
204,110,2024-03-08,completed
205,450,2024-03-21,completed
206,11,2024-03-18,returned
207,480,2024-03-26,returned
208,7,2024-03-27,returned
209,462,2024-03-24,completed
210,23,2024-03-24,returned
211,78,2024-03-19,completed
212,419,2024-03-16,completed
213,377,2024-03-22,returned
214,323,2024-03-23,completed
215,537,2024-03-09,completed
216,107,2024-03-18,completed
217,206,2024-03-08,completed
218,65,2024-03-07,completed
219,298,2024-03-22,completed
220,430,2024-03-26,completed
221,320,2024-03-07,completed
222,399,2024-03-23,cancelled
223,268,2024-03-20,completed
224,329,2024-03-19,completed
225,495,2024-03-23,cancelled
226,551,2024-03-19,completed
227,43,2024-03-13,completed
228,466,2024-03-21,completed
229,443,2024-03-22,completed
230,48,2024-03-09,completed
231,340,2024-03-07,returned
232,375,2024-03-12,returned
233,570,2024-03-08,cancelled
234,330,2024-03-07,completed
235,34,2024-03-01,completed
236,360,2024-03-28,completed
237,213,2024-03-10,completed
238,188,2024-03-17,completed
239,579,2024-03-17,completed
240,274,2024-03-11,completed
241,537,2024-03-23,cancelled
242,579,2024-03-14,completed
243,360,2024-03-08,completed
244,89,2024-03-16,completed
245,154,2024-03-14,completed
246,419,2024-03-16,cancelled
247,370,2024-03-13,completed
248,458,2024-03-17,returned
249,195,2024-03-14,cancelled
250,537,2024-03-23,cancelled
251,480,2024-03-23,completed
252,229,2024-03-21,completed
253,122,2024-03-05,completed
254,367,2024-03-01,completed
255,168,2024-03-01,completed
256,107,2024-03-06,completed
257,193,2024-03-03,completed
258,320,2024-03-21,completed
259,124,2024-03-26,completed
260,252,2024-03-14,completed
261,579,2024-03-20,completed
262,535,2024-03-15,completed
263,345,2024-03-07,completed
264,129,2024-03-13,completed
265,120,2024-03-10,completed
266,480,2024-03-01,cancelled
267,98,2024-03-11,cancelled
268,203,2024-03-24,completed
269,103,2024-03-09,completed
270,329,2024-03-07,completed
271,85,2024-03-02,completed
272,430,2024-03-06,cancelled
273,487,2024-03-03,cancelled
274,127,2024-03-13,cancelled
275,365,2024-03-12,completed
276,337,2024-03-11,completed
277,34,2024-03-13,completed
278,271,2024-03-27,completed
279,102,2024-03-25,completed
280,6,2024-03-19,returned
281,354,2024-03-23,completed
282,407,2024-03-28,completed
283,267,2024-03-22,returned
284,278,2024-03-28,completed
285,183,2024-03-17,cancelled
286,51,2024-03-20,completed
287,370,2024-03-10,cancelled
288,470,2024-03-24,completed
289,470,2024-03-28,completed
290,480,2024-03-06,cancelled
291,384,2024-03-24,completed
292,163,2024-03-18,completed
293,551,2024-03-04,completed
294,409,2024-03-24,completed
295,564,2024-03-02,completed
296,395,2024-03-13,cancelled
297,465,2024-04-09,completed
298,99,2024-04-04,completed
299,39,2024-04-02,completed
300,424,2024-04-05,cancelled
301,212,2024-04-12,completed
302,44,2024-04-11,completed
303,419,2024-04-21,completed
304,580,2024-04-18,completed
305,251,2024-04-02,completed
306,278,2024-04-04,completed
307,148,2024-04-26,completed
308,333,2024-04-12,completed
309,421,2024-04-14,completed
310,305,2024-04-23,returned
311,457,2024-04-28,completed
312,103,2024-04-26,completed
313,120,2024-04-18,completed
314,207,2024-04-04,completed
315,234,2024-04-13,completed
316,92,2024-04-09,cancelled
317,252,2024-04-03,completed
318,170,2024-04-28,completed
319,424,2024-04-26,completed
320,108,2024-04-10,completed
321,260,2024-04-10,completed
322,337,2024-04-21,completed
323,347,2024-04-25,returned
324,28,2024-04-09,completed
325,484,2024-04-23,returned
326,190,2024-04-06,returned
327,525,2024-04-05,completed
328,558,2024-04-18,completed
329,389,2024-04-21,completed
330,377,2024-04-06,completed
331,102,2024-04-12,completed
332,101,2024-04-25,completed
333,592,2024-04-25,completed
334,94,2024-04-02,completed
335,320,2024-04-19,completed
336,133,2024-04-13,completed
337,149,2024-04-03,cancelled
338,595,2024-04-17,completed
339,23,2024-04-16,completed
340,544,2024-04-16,completed
341,364,2024-04-03,completed
342,30,2024-04-19,completed
343,26,2024-04-12,completed
344,458,2024-04-06,completed
345,419,2024-04-09,completed
346,7,2024-04-05,completed
347,575,2024-04-27,completed
348,16,2024-04-10,completed
349,260,2024-04-03,completed
350,265,2024-04-25,completed
351,24,2024-04-09,completed
352,354,2024-04-07,completed
353,439,2024-04-25,completed
354,354,2024-04-23,completed
355,148,2024-04-14,completed
356,92,2024-04-17,completed
357,588,2024-04-22,completed
358,78,2024-04-03,completed
359,481,2024-04-26,returned
360,381,2024-04-08,completed
361,583,2024-04-01,completed
362,302,2024-04-22,completed
363,533,2024-04-10,completed
364,104,2024-04-28,completed
365,502,2024-04-05,completed
366,34,2024-04-23,completed
367,288,2024-04-23,completed
368,458,2024-04-26,completed
369,450,2024-04-20,completed
370,399,2024-04-14,completed
371,304,2024-04-19,completed
372,459,2024-04-22,completed
373,103,2024-04-04,completed
374,188,2024-04-26,completed
375,365,2024-04-11,cancelled
376,167,2024-04-03,completed
377,268,2024-04-09,completed
378,11,2024-04-10,returned
379,197,2024-04-09,returned
380,460,2024-04-26,completed
381,288,2024-04-16,completed
382,446,2024-04-18,completed
383,269,2024-04-21,completed
384,345,2024-04-11,completed
385,274,2024-04-11,cancelled
386,48,2024-04-07,completed
387,512,2024-04-23,completed
388,568,2024-04-07,completed
389,253,2024-04-07,completed
390,350,2024-04-12,completed
391,249,2024-04-23,completed
392,581,2024-04-22,completed
393,197,2024-04-13,completed
394,51,2024-04-05,completed
395,370,2024-04-09,completed
396,384,2024-04-22,completed
397,284,2024-04-23,completed
398,452,2024-04-06,completed
399,502,2024-04-04,completed
400,381,2024-04-15,completed
401,207,2024-04-15,completed
402,242,2024-04-06,completed
403,542,2024-04-10,completed
404,454,2024-04-03,completed
405,48,2024-04-17,completed
406,505,2024-04-10,completed
407,343,2024-04-24,completed
408,195,2024-04-23,completed
409,247,2024-04-01,completed
410,51,2024-04-10,completed
411,168,2024-05-21,completed
412,138,2024-05-08,completed
413,20,2024-05-10,completed
414,267,2024-05-23,completed
415,214,2024-05-22,completed
416,403,2024-05-03,completed
417,337,2024-05-07,returned
418,156,2024-05-18,completed
419,27,2024-05-23,returned
420,268,2024-05-23,completed
421,92,2024-05-27,completed
422,454,2024-05-25,completed
423,478,2024-05-17,completed
424,483,2024-05-23,returned
425,112,2024-05-25,completed
426,588,2024-05-02,returned
427,379,2024-05-18,completed
428,148,2024-05-10,completed
429,437,2024-05-10,returned
430,226,2024-05-17,completed
431,274,2024-05-01,returned
432,210,2024-05-04,completed
433,42,2024-05-15,completed
434,496,2024-05-14,completed
435,421,2024-05-04,completed
436,365,2024-05-04,completed
437,104,2024-05-17,completed
438,149,2024-05-10,completed
439,500,2024-05-16,completed
440,523,2024-05-05,completed
441,430,2024-05-25,completed
442,345,2024-05-18,completed
443,269,2024-05-19,completed
444,126,2024-05-05,completed
445,16,2024-05-06,completed
446,240,2024-05-17,completed
447,294,2024-05-03,completed
448,470,2024-05-21,completed
449,274,2024-05-18,completed
450,352,2024-05-07,completed
451,197,2024-05-03,completed
452,528,2024-05-09,completed
453,292,2024-05-20,cancelled
454,527,2024-05-26,completed
455,450,2024-05-08,completed
456,189,2024-05-02,cancelled
457,120,2024-05-19,completed
458,159,2024-05-28,completed
459,410,2024-05-21,completed
460,156,2024-05-24,completed
461,578,2024-05-14,cancelled
462,14,2024-05-26,completed
463,567,2024-05-08,completed
464,27,2024-05-18,completed
465,469,2024-05-22,completed
466,384,2024-05-05,completed
467,351,2024-05-10,completed
468,314,2024-05-01,completed
469,220,2024-05-14,returned
470,364,2024-05-15,completed
471,148,2024-05-20,completed
472,74,2024-05-18,completed
473,533,2024-05-08,completed
474,214,2024-05-04,completed
475,234,2024-05-23,completed
476,209,2024-05-05,completed
477,308,2024-05-06,completed
478,351,2024-05-26,completed
479,344,2024-05-13,returned
480,281,2024-05-02,completed
481,229,2024-05-03,completed
482,507,2024-05-22,completed
483,523,2024-05-05,completed
484,489,2024-05-24,completed
485,253,2024-05-23,completed
486,354,2024-05-11,completed
487,343,2024-05-11,completed
488,419,2024-05-27,completed
489,37,2024-05-17,completed
490,492,2024-05-14,completed
491,187,2024-05-15,completed
492,529,2024-05-19,completed
493,265,2024-05-24,completed
494,105,2024-05-28,cancelled
495,421,2024-05-21,completed
496,47,2024-05-03,completed
497,186,2024-05-22,completed
498,384,2024-05-27,completed
499,362,2024-05-02,completed
500,480,2024-05-04,completed
501,130,2024-05-21,completed
502,379,2024-05-21,completed
503,597,2024-05-26,cancelled
504,553,2024-05-22,completed
505,401,2024-05-28,completed
506,387,2024-05-17,completed
507,21,2024-05-21,cancelled
508,218,2024-05-11,completed
509,367,2024-05-08,completed
510,499,2024-05-18,returned
511,169,2024-05-07,completed
512,469,2024-05-28,completed
513,575,2024-05-27,completed
514,366,2024-05-18,completed
515,234,2024-05-24,completed
516,267,2024-05-25,completed
517,292,2024-05-08,cancelled
518,345,2024-05-20,completed
519,585,2024-05-19,completed
520,395,2024-05-18,completed
521,249,2024-05-24,completed
522,445,2024-05-10,completed
523,452,2024-05-02,completed
524,193,2024-05-03,completed
525,399,2024-05-01,completed
526,235,2024-05-01,completed
527,167,2024-05-27,completed
528,188,2024-05-17,completed
529,595,2024-06-01,returned
530,249,2024-06-16,completed
531,595,2024-06-16,cancelled
532,97,2024-06-23,completed
533,168,2024-06-08,completed
534,107,2024-06-01,cancelled
535,552,2024-06-25,completed
536,358,2024-06-24,completed
537,345,2024-06-13,completed
538,591,2024-06-13,completed
539,153,2024-06-27,completed
540,596,2024-06-17,completed
541,424,2024-06-08,completed
542,598,2024-06-06,completed
543,425,2024-06-07,completed
544,523,2024-06-19,completed
545,133,2024-06-24,completed
546,227,2024-06-04,completed
547,266,2024-06-19,completed
548,395,2024-06-22,completed
549,292,2024-06-19,completed
550,427,2024-06-21,completed
551,425,2024-06-27,completed
552,273,2024-06-18,completed
553,51,2024-06-06,completed
554,580,2024-06-12,completed
555,194,2024-06-26,completed
556,146,2024-06-17,completed
557,514,2024-06-10,completed
558,332,2024-06-03,completed
559,98,2024-06-23,completed
560,494,2024-06-14,completed
561,466,2024-06-11,completed
562,469,2024-06-04,completed
563,448,2024-06-26,returned
564,386,2024-06-24,completed
565,286,2024-06-26,completed
566,113,2024-06-03,completed
567,424,2024-06-18,completed
568,317,2024-06-25,completed
569,256,2024-06-02,completed
570,2,2024-06-07,completed
571,226,2024-06-10,completed
572,252,2024-06-05,cancelled
573,247,2024-06-16,completed
574,431,2024-06-28,completed
575,593,2024-06-22,completed
576,460,2024-06-01,completed
577,439,2024-06-05,completed
578,370,2024-06-17,completed
579,592,2024-06-21,completed
580,124,2024-06-02,completed
581,213,2024-06-12,completed
582,486,2024-06-24,completed
583,430,2024-06-07,cancelled
584,289,2024-06-24,completed
585,474,2024-06-17,completed
586,524,2024-06-18,returned
587,144,2024-06-09,completed
588,167,2024-06-18,completed
589,596,2024-06-08,completed
590,583,2024-06-20,completed
591,466,2024-06-28,completed
592,384,2024-06-21,completed
593,53,2024-06-16,completed
594,11,2024-06-10,completed
595,583,2024-06-21,completed
596,580,2024-06-26,returned
597,430,2024-06-28,completed
598,329,2024-06-04,completed
599,496,2024-06-23,completed
600,213,2024-06-20,completed
601,321,2024-06-14,completed
602,480,2024-06-23,completed
603,345,2024-06-04,returned
604,584,2024-06-23,completed
605,160,2024-06-27,completed
606,30,2024-06-04,completed
607,168,2024-06-14,completed
608,97,2024-06-23,completed
609,253,2024-06-27,completed
610,365,2024-06-02,completed
611,176,2024-06-27,completed
612,377,2024-06-13,completed
613,388,2024-06-21,completed
614,466,2024-06-20,completed
615,130,2024-06-10,completed
616,340,2024-06-02,completed
617,453,2024-06-12,returned
618,354,2024-06-16,cancelled
619,415,2024-06-26,completed
620,273,2024-06-11,completed
621,39,2024-06-20,completed
622,345,2024-06-09,completed
623,595,2024-06-09,returned
624,507,2024-06-17,returned
625,424,2024-06-08,completed
626,242,2024-06-08,completed
627,540,2024-06-18,completed
628,461,2024-06-13,completed
629,329,2024-06-02,returned
630,564,2024-06-02,completed
631,274,2024-06-23,completed
632,112,2024-06-10,completed
633,403,2024-06-24,completed
634,251,2024-06-22,completed
635,583,2024-06-21,completed
636,223,2024-06-07,returned
637,214,2024-06-25,cancelled
638,377,2024-06-23,cancelled
639,60,2024-06-14,completed
640,572,2024-06-16,completed
641,540,2024-06-01,completed
642,491,2024-06-27,completed
643,245,2024-06-21,completed
644,333,2024-06-27,returned
645,344,2024-06-03,completed
646,195,2024-06-08,completed
647,595,2024-06-21,cancelled
648,537,2024-06-09,completed
649,384,2024-06-11,completed
650,514,2024-06-20,completed
651,366,2024-06-07,completed
652,392,2024-06-18,completed
653,477,2024-07-06,returned
654,34,2024-07-27,completed
655,365,2024-07-10,cancelled
656,434,2024-07-01,completed
657,416,2024-07-14,completed
658,345,2024-07-08,completed
659,249,2024-07-12,completed
660,505,2024-07-04,returned
661,599,2024-07-04,cancelled
662,533,2024-07-09,completed
663,370,2024-07-23,completed
664,79,2024-07-22,completed
665,42,2024-07-23,returned
666,492,2024-07-15,completed
667,320,2024-07-25,cancelled
668,140,2024-07-17,completed
669,574,2024-07-10,completed
670,69,2024-07-24,completed
671,307,2024-07-14,completed
672,188,2024-07-20,completed
673,424,2024-07-20,completed
674,128,2024-07-04,cancelled
675,415,2024-07-06,cancelled
676,102,2024-07-25,completed
677,8,2024-07-15,completed
678,397,2024-07-08,completed
679,329,2024-07-22,cancelled
680,582,2024-07-19,completed
681,199,2024-07-06,completed
682,500,2024-07-22,completed
683,432,2024-07-03,completed
684,172,2024-07-12,completed
685,91,2024-07-09,completed
686,204,2024-07-23,returned
687,454,2024-07-03,completed
688,82,2024-07-13,completed
689,79,2024-07-02,completed
690,482,2024-07-01,completed
691,141,2024-07-08,completed
692,102,2024-07-14,completed
693,192,2024-07-16,completed
694,388,2024-07-02,cancelled
695,32,2024-07-17,completed
696,35,2024-07-13,completed
697,223,2024-07-19,completed
698,539,2024-07-04,completed
699,66,2024-07-11,completed
700,190,2024-07-22,completed
701,535,2024-07-05,completed
702,305,2024-07-16,completed
703,552,2024-07-10,completed
704,377,2024-07-13,completed
705,392,2024-07-09,completed
706,482,2024-07-03,completed
707,223,2024-07-21,completed
708,238,2024-07-28,completed
709,81,2024-07-23,completed
710,8,2024-07-26,completed
711,204,2024-07-02,completed
712,564,2024-07-09,completed
713,205,2024-07-09,completed
714,572,2024-07-23,completed
715,160,2024-07-17,completed
716,392,2024-07-15,completed
717,188,2024-07-09,completed
718,301,2024-07-13,cancelled
719,545,2024-07-01,completed
720,453,2024-07-24,completed
721,600,2024-07-03,completed
722,462,2024-07-26,completed
723,507,2024-07-21,completed
724,332,2024-07-20,returned
725,268,2024-07-28,completed
726,415,2024-07-27,completed
727,232,2024-07-06,completed
728,449,2024-07-25,completed
729,341,2024-07-08,returned
730,460,2024-07-26,completed
731,294,2024-07-21,completed
732,45,2024-07-04,completed
733,8,2024-07-15,completed
734,543,2024-07-13,completed
735,571,2024-07-12,cancelled
736,391,2024-07-22,completed
737,555,2024-07-28,completed
738,190,2024-07-12,completed
739,188,2024-07-22,completed
740,314,2024-07-15,completed
741,482,2024-07-12,completed
742,311,2024-07-24,completed
743,19,2024-07-21,completed
744,567,2024-07-28,completed
745,436,2024-07-28,completed
746,223,2024-07-21,completed
747,362,2024-07-13,completed
748,281,2024-07-06,completed
749,463,2024-07-05,completed
750,245,2024-07-14,completed
751,323,2024-07-06,completed
752,326,2024-07-20,returned
753,547,2024-07-11,completed
754,252,2024-07-11,completed
755,23,2024-07-16,completed
756,19,2024-07-08,completed
757,53,2024-07-05,completed
758,288,2024-07-19,completed
759,189,2024-07-16,completed
760,201,2024-07-21,completed
761,567,2024-07-28,completed
762,317,2024-07-16,completed
763,19,2024-07-05,completed
764,45,2024-07-24,completed
765,314,2024-07-06,completed
766,318,2024-07-26,completed
767,96,2024-07-06,completed
768,554,2024-07-11,completed
769,103,2024-07-06,completed
770,53,2024-07-23,completed
771,34,2024-07-06,completed
772,260,2024-07-28,completed
773,150,2024-07-24,completed
774,160,2024-07-26,completed
775,240,2024-08-25,completed
776,267,2024-08-27,completed
777,439,2024-08-12,completed
778,366,2024-08-01,completed
779,523,2024-08-01,cancelled
780,524,2024-08-06,completed
781,539,2024-08-28,cancelled
782,31,2024-08-22,completed
783,223,2024-08-18,completed
784,199,2024-08-08,completed
785,340,2024-08-05,completed
786,53,2024-08-09,completed
787,240,2024-08-19,completed
788,583,2024-08-23,completed
789,95,2024-08-16,completed
790,213,2024-08-16,completed
791,330,2024-08-15,completed
792,415,2024-08-16,completed
793,359,2024-08-13,completed
794,453,2024-08-19,completed
795,197,2024-08-06,completed
796,463,2024-08-28,completed
797,404,2024-08-16,completed
798,537,2024-08-11,completed
799,232,2024-08-08,completed
800,388,2024-08-03,completed
801,260,2024-08-06,completed
802,59,2024-08-24,cancelled
803,277,2024-08-22,completed
804,323,2024-08-28,completed
805,569,2024-08-11,completed
806,230,2024-08-15,cancelled
807,8,2024-08-14,completed
808,322,2024-08-02,completed
809,221,2024-08-09,completed
810,197,2024-08-24,completed
811,132,2024-08-26,completed
812,186,2024-08-14,completed
813,3,2024-08-09,completed
814,432,2024-08-24,completed
815,424,2024-08-18,completed
816,232,2024-08-17,completed
817,13,2024-08-25,returned
818,251,2024-08-18,completed
819,250,2024-08-28,completed
820,545,2024-08-22,completed
821,207,2024-08-01,completed
822,288,2024-08-06,completed
823,416,2024-08-08,completed
824,552,2024-08-28,completed
825,596,2024-08-21,completed
826,60,2024-08-04,completed
827,176,2024-08-25,completed
828,199,2024-08-10,completed
829,435,2024-08-12,completed
830,537,2024-08-16,completed
831,103,2024-08-08,completed
832,343,2024-08-15,completed
833,399,2024-08-12,completed
834,509,2024-08-18,completed
835,168,2024-08-08,completed
836,181,2024-08-20,completed
837,457,2024-08-19,completed
838,39,2024-08-21,completed
839,466,2024-08-15,completed
840,415,2024-08-09,completed
841,553,2024-08-04,completed
842,132,2024-08-06,completed
843,360,2024-08-21,completed
844,274,2024-08-11,completed
845,195,2024-08-09,completed
846,186,2024-08-28,completed
847,419,2024-08-13,cancelled
848,39,2024-08-24,returned
849,491,2024-08-17,completed
850,128,2024-08-07,completed
851,320,2024-08-27,cancelled
852,468,2024-08-18,completed
853,276,2024-08-11,completed
854,208,2024-08-25,completed
855,142,2024-08-05,completed
856,466,2024-08-02,completed
857,145,2024-08-22,completed
858,238,2024-08-07,completed
859,228,2024-08-20,returned
860,58,2024-08-28,completed
861,574,2024-08-01,completed
862,21,2024-08-25,completed
863,564,2024-08-06,returned
864,180,2024-08-27,completed
865,446,2024-08-02,completed
866,594,2024-08-15,cancelled
867,512,2024-08-27,completed
868,250,2024-08-23,cancelled
869,397,2024-08-24,completed
870,240,2024-08-26,completed
871,7,2024-08-11,completed
872,450,2024-08-04,completed
873,53,2024-08-05,returned
874,525,2024-08-05,completed
875,226,2024-08-24,completed
876,113,2024-08-17,completed
877,259,2024-08-20,completed
878,583,2024-08-17,cancelled
879,30,2024-08-03,completed
880,356,2024-08-13,completed
881,142,2024-08-05,completed
882,196,2024-08-15,completed
883,316,2024-08-08,completed
884,173,2024-08-27,completed
885,353,2024-08-08,completed
886,576,2024-08-21,completed
887,542,2024-08-23,completed
888,124,2024-09-19,completed
889,188,2024-09-08,completed
890,469,2024-09-12,completed
891,301,2024-09-20,completed
892,545,2024-09-10,completed
893,60,2024-09-13,returned
894,598,2024-09-22,completed
895,517,2024-09-01,completed
896,480,2024-09-23,completed
897,595,2024-09-27,completed
898,502,2024-09-19,completed
899,343,2024-09-09,returned
900,567,2024-09-25,returned
901,480,2024-09-19,completed
902,252,2024-09-17,completed
903,439,2024-09-16,completed
904,241,2024-09-22,completed
905,157,2024-09-07,returned
906,176,2024-09-17,cancelled
907,113,2024-09-04,returned
908,525,2024-09-04,cancelled
909,223,2024-09-04,completed
910,214,2024-09-03,completed
911,430,2024-09-22,completed
912,546,2024-09-11,completed
913,206,2024-09-04,completed
914,119,2024-09-18,completed
915,225,2024-09-07,completed
916,143,2024-09-16,completed
917,75,2024-09-23,completed
918,24,2024-09-13,completed
919,201,2024-09-21,returned
920,379,2024-09-01,completed
921,556,2024-09-23,completed
922,159,2024-09-04,completed
923,268,2024-09-05,completed
924,306,2024-09-10,completed
925,320,2024-09-20,completed
926,434,2024-09-20,completed
927,78,2024-09-19,completed
928,564,2024-09-16,completed
929,277,2024-09-21,cancelled
930,580,2024-09-06,completed
931,81,2024-09-13,completed
932,280,2024-09-13,completed
933,331,2024-09-15,completed
934,534,2024-09-18,completed
935,103,2024-09-07,completed
936,526,2024-09-21,completed
937,210,2024-09-02,completed
938,273,2024-09-27,completed
939,110,2024-09-05,completed
940,288,2024-09-13,completed
941,557,2024-09-12,completed
942,595,2024-09-11,cancelled
943,247,2024-09-22,completed
944,301,2024-09-26,completed
945,214,2024-09-14,completed
946,422,2024-09-02,completed
947,48,2024-09-09,completed
948,486,2024-09-01,completed
949,104,2024-09-03,completed
950,483,2024-09-24,cancelled
951,265,2024-09-01,completed
952,134,2024-09-27,returned
953,129,2024-09-07,completed
954,387,2024-09-17,completed
955,541,2024-09-12,completed
956,505,2024-09-24,completed
957,552,2024-09-11,completed
958,475,2024-09-14,completed
959,183,2024-09-05,completed
960,30,2024-09-22,returned
961,96,2024-09-10,completed
962,216,2024-09-10,completed
963,419,2024-09-11,cancelled
964,382,2024-09-26,returned
965,534,2024-09-16,completed
966,320,2024-09-03,completed
967,288,2024-09-02,completed
968,340,2024-09-16,completed
969,445,2024-09-10,completed
970,512,2024-09-27,completed
971,273,2024-09-05,completed
972,274,2024-09-20,completed
973,500,2024-09-11,completed
974,121,2024-09-13,completed
975,343,2024-09-25,cancelled
976,59,2024-09-05,completed
977,300,2024-09-03,completed
978,156,2024-09-23,completed
979,407,2024-09-21,completed
980,426,2024-09-12,completed
981,337,2024-09-09,completed
982,78,2024-09-13,completed
983,311,2024-09-22,completed
984,136,2024-09-07,completed
985,173,2024-09-27,completed
986,365,2024-09-13,completed
987,556,2024-09-09,completed
988,11,2024-09-21,completed
989,550,2024-10-26,completed
990,278,2024-10-08,cancelled
991,395,2024-10-02,returned
992,24,2024-10-21,completed
993,437,2024-10-12,completed
994,489,2024-10-05,completed
995,415,2024-10-28,cancelled
996,94,2024-10-19,completed
997,60,2024-10-17,completed
998,453,2024-10-23,completed
999,329,2024-10-07,completed
1000,256,2024-10-04,completed
1001,415,2024-10-02,returned
1002,570,2024-10-12,completed
1003,543,2024-10-25,completed
1004,6,2024-10-04,completed
1005,424,2024-10-09,completed
1006,104,2024-10-22,completed
1007,236,2024-10-25,completed
1008,59,2024-10-04,completed
1009,256,2024-10-23,completed
1010,272,2024-10-07,returned
1011,102,2024-10-07,completed
1012,520,2024-10-08,completed
1013,518,2024-10-18,completed
1014,379,2024-10-08,completed
1015,245,2024-10-12,completed
1016,525,2024-10-21,completed
1017,253,2024-10-01,completed
1018,595,2024-10-26,completed
1019,298,2024-10-23,completed
1020,132,2024-10-10,completed
1021,419,2024-10-22,completed
1022,301,2024-10-26,completed
1023,555,2024-10-09,completed
1024,457,2024-10-12,returned
1025,470,2024-10-05,cancelled
1026,453,2024-10-19,cancelled
1027,8,2024-10-20,completed
1028,267,2024-10-10,cancelled
1029,328,2024-10-01,completed
1030,424,2024-10-27,completed
1031,564,2024-10-22,completed
1032,344,2024-10-13,completed
1033,51,2024-10-14,completed
1034,388,2024-10-19,completed
1035,374,2024-10-03,completed
1036,113,2024-10-10,completed
1037,470,2024-10-26,returned
1038,579,2024-10-26,completed
1039,122,2024-10-26,completed
1040,305,2024-10-01,cancelled
1041,120,2024-10-15,completed
1042,2,2024-10-05,completed
1043,317,2024-10-09,completed
1044,385,2024-10-25,completed
1045,579,2024-10-14,completed
1046,534,2024-10-13,cancelled
1047,332,2024-10-17,completed
1048,314,2024-10-21,completed
1049,19,2024-10-17,completed
1050,198,2024-10-02,returned
1051,175,2024-10-19,cancelled
1052,438,2024-10-09,completed
1053,538,2024-10-26,completed
1054,403,2024-10-05,completed
1055,482,2024-10-10,completed
1056,553,2024-10-05,completed
1057,588,2024-10-16,completed
1058,265,2024-10-13,completed
1059,47,2024-10-28,completed
1060,562,2024-10-03,completed
1061,230,2024-10-27,completed
1062,1,2024-10-20,cancelled
1063,39,2024-10-17,completed
1064,312,2024-10-23,completed
1065,486,2024-10-16,completed
1066,102,2024-10-04,returned
1067,434,2024-10-08,completed
1068,439,2024-10-18,completed
1069,26,2024-10-03,completed
1070,208,2024-10-27,returned
1071,578,2024-10-16,cancelled
1072,233,2024-10-20,completed
1073,554,2024-10-20,completed
1074,326,2024-10-10,completed
1075,32,2024-10-26,completed
1076,543,2024-10-22,completed
1077,482,2024-10-03,completed
1078,339,2024-10-13,completed
1079,543,2024-10-06,completed
1080,35,2024-10-21,returned
1081,567,2024-10-25,returned
1082,323,2024-10-25,completed
1083,583,2024-10-26,completed
1084,490,2024-10-17,completed
1085,463,2024-10-16,completed
1086,301,2024-10-25,completed
1087,503,2024-10-24,returned
1088,78,2024-10-11,completed
1089,238,2024-10-27,completed
1090,128,2024-10-11,completed
1091,213,2024-10-25,cancelled
1092,332,2024-10-25,completed
1093,195,2024-10-18,completed
1094,3,2024-10-19,cancelled
1095,179,2024-10-04,completed
1096,523,2024-10-27,completed
1097,320,2024-10-27,completed
1098,132,2024-10-19,completed
1099,22,2024-10-23,returned
1100,188,2024-10-07,completed
1101,424,2024-10-27,completed
1102,397,2024-10-13,completed
1103,26,2024-10-14,completed
1104,288,2024-10-01,completed
1105,156,2024-10-21,completed
1106,295,2024-10-21,completed
1107,341,2024-10-03,cancelled
1108,371,2024-10-28,completed
1109,458,2024-10-24,completed
1110,534,2024-10-07,completed
1111,537,2024-10-19,completed
1112,59,2024-11-03,returned
1113,370,2024-11-08,completed
1114,298,2024-11-27,returned
1115,423,2024-11-18,completed
1116,495,2024-11-06,completed
1117,88,2024-11-07,completed
1118,104,2024-11-14,completed
1119,505,2024-11-22,completed
1120,159,2024-11-14,completed
1121,149,2024-11-19,completed
1122,480,2024-11-24,completed
1123,348,2024-11-28,completed
1124,545,2024-11-13,completed
1125,545,2024-11-08,completed
1126,384,2024-11-23,completed
1127,14,2024-11-23,completed
1128,484,2024-11-24,completed
1129,268,2024-11-04,cancelled
1130,192,2024-11-21,completed
1131,300,2024-11-10,cancelled
1132,305,2024-11-10,completed
1133,236,2024-11-08,completed
1134,103,2024-11-17,completed
1135,597,2024-11-08,completed
1136,345,2024-11-26,completed
1137,384,2024-11-25,returned
1138,579,2024-11-09,completed
1139,195,2024-11-22,completed
1140,244,2024-11-27,returned
1141,579,2024-11-07,cancelled
1142,477,2024-11-14,cancelled
1143,424,2024-11-27,completed
1144,496,2024-11-25,completed
1145,587,2024-11-20,completed
1146,91,2024-11-07,completed
1147,457,2024-11-20,completed
1148,546,2024-11-01,completed
1149,332,2024-11-04,completed
1150,231,2024-11-13,completed
1151,463,2024-11-21,completed
1152,102,2024-11-17,completed
1153,323,2024-11-17,returned
1154,300,2024-11-08,completed
1155,229,2024-11-07,completed
1156,127,2024-11-18,completed
1157,74,2024-11-02,completed
1158,372,2024-11-12,completed
1159,366,2024-11-01,completed
1160,350,2024-11-09,completed
1161,323,2024-11-05,completed
1162,66,2024-11-07,completed
1163,251,2024-11-02,completed
1164,153,2024-11-20,completed
1165,341,2024-11-23,completed
1166,229,2024-11-25,completed
1167,460,2024-11-05,completed
1168,463,2024-11-26,completed
1169,545,2024-11-13,completed
1170,45,2024-11-03,completed
1171,133,2024-11-17,completed
1172,109,2024-11-13,completed
1173,552,2024-11-16,cancelled
1174,323,2024-11-22,completed
1175,139,2024-11-06,cancelled
1176,452,2024-11-08,completed
1177,579,2024-11-24,cancelled
1178,274,2024-11-08,completed
1179,543,2024-11-05,completed
1180,556,2024-11-17,completed
1181,251,2024-11-11,completed
1182,314,2024-11-13,completed
1183,48,2024-11-05,completed
1184,397,2024-11-28,completed
1185,564,2024-11-25,completed
1186,524,2024-11-18,returned
1187,505,2024-11-22,completed
1188,307,2024-11-18,returned
1189,537,2024-11-08,completed
1190,585,2024-11-22,completed
1191,21,2024-11-24,completed
1192,399,2024-11-01,cancelled
1193,183,2024-11-12,completed
1194,473,2024-11-09,completed
1195,44,2024-11-09,completed
1196,117,2024-11-19,returned
1197,520,2024-11-08,returned
1198,16,2024-11-12,completed
1199,496,2024-11-17,completed
1200,134,2024-11-02,completed
1201,208,2024-11-04,completed
1202,533,2024-11-20,completed
1203,572,2024-11-10,completed
1204,320,2024-11-20,returned
1205,563,2024-11-05,completed
1206,214,2024-11-17,completed
1207,371,2024-11-27,completed
1208,16,2024-11-11,returned
1209,232,2024-11-10,completed
1210,205,2024-11-28,completed
1211,189,2024-11-04,completed
1212,252,2024-11-21,completed
1213,320,2024-11-03,completed
1214,529,2024-11-05,completed
1215,141,2024-11-06,completed
1216,281,2024-11-16,completed
1217,463,2024-11-27,completed
1218,268,2024-11-07,completed
1219,104,2024-11-06,returned
1220,580,2024-11-23,completed
1221,523,2024-11-09,completed
1222,402,2024-11-08,completed
1223,28,2024-11-28,completed
1224,366,2024-11-16,returned
1225,165,2024-11-06,completed
1226,552,2024-11-08,completed
1227,567,2024-11-24,completed
1228,392,2024-11-09,completed
1229,47,2024-11-16,completed
1230,398,2024-11-25,completed
1231,553,2024-11-07,completed
1232,8,2024-11-18,completed
1233,318,2024-11-21,cancelled
1234,103,2024-11-05,completed
1235,435,2024-11-12,completed
1236,432,2024-11-07,completed
1237,332,2024-11-12,completed
1238,372,2024-11-12,completed
1239,218,2024-11-04,completed
1240,172,2024-11-02,completed
1241,506,2024-11-14,returned
1242,79,2024-11-17,completed
1243,407,2024-11-24,completed
1244,307,2024-11-07,completed
1245,210,2024-11-08,returned
1246,340,2024-11-01,completed
1247,552,2024-11-15,completed
1248,58,2024-11-14,returned
1249,34,2024-11-18,completed
1250,306,2024-11-20,completed
1251,134,2024-11-03,completed
1252,193,2024-11-24,completed
1253,127,2024-11-14,completed
1254,312,2024-11-02,completed
1255,426,2024-11-22,completed
1256,494,2024-11-27,completed
1257,234,2024-11-17,returned
1258,360,2024-11-10,completed
1259,491,2024-11-22,completed
1260,245,2024-11-25,returned
1261,539,2024-11-16,completed
1262,212,2024-11-08,completed
1263,396,2024-11-26,completed
1264,500,2024-11-10,completed
1265,346,2024-11-12,completed
1266,530,2024-11-02,completed
1267,73,2024-11-27,cancelled
1268,161,2024-11-04,completed
1269,452,2024-11-09,completed
1270,472,2024-11-01,completed
1271,34,2024-11-24,completed
1272,332,2024-11-27,completed
1273,599,2024-11-28,completed
1274,482,2024-11-20,completed
1275,70,2024-11-02,completed
1276,337,2024-11-25,completed
1277,344,2024-11-21,completed
1278,371,2024-12-18,completed
1279,344,2024-12-01,completed
1280,176,2024-12-12,completed
1281,421,2024-12-01,completed
1282,274,2024-12-26,returned
1283,306,2024-12-28,returned
1284,269,2024-12-12,completed
1285,178,2024-12-26,completed
1286,439,2024-12-19,cancelled
1287,207,2024-12-17,completed
1288,524,2024-12-05,completed
1289,562,2024-12-05,returned
1290,249,2024-12-25,completed
1291,537,2024-12-03,completed
1292,470,2024-12-20,returned
1293,19,2024-12-07,completed
1294,210,2024-12-08,completed
1295,505,2024-12-03,completed
1296,27,2024-12-14,completed
1297,102,2024-12-04,completed
1298,293,2024-12-11,completed
1299,431,2024-12-13,completed
1300,167,2024-12-08,completed
1301,104,2024-12-27,cancelled
1302,113,2024-12-07,completed
1303,8,2024-12-01,completed
1304,293,2024-12-22,completed
1305,232,2024-12-07,completed
1306,24,2024-12-25,completed
1307,278,2024-12-01,completed
1308,500,2024-12-15,completed
1309,244,2024-12-22,completed
1310,196,2024-12-12,completed
1311,58,2024-12-11,completed
1312,107,2024-12-13,completed
1313,337,2024-12-18,cancelled
1314,11,2024-12-05,completed
1315,567,2024-12-25,cancelled
1316,192,2024-12-15,completed
1317,388,2024-12-27,completed
1318,267,2024-12-05,completed
1319,430,2024-12-26,returned
1320,24,2024-12-27,completed
1321,279,2024-12-02,completed
1322,533,2024-12-24,completed
1323,312,2024-12-27,completed
1324,463,2024-12-26,completed
1325,424,2024-12-21,returned
1326,369,2024-12-01,completed
1327,451,2024-12-03,completed
1328,578,2024-12-01,completed
1329,432,2024-12-18,completed
1330,148,2024-12-19,cancelled
1331,311,2024-12-24,completed
1332,340,2024-12-25,completed
1333,474,2024-12-26,completed
1334,21,2024-12-14,completed
1335,306,2024-12-18,completed
1336,251,2024-12-10,completed
1337,430,2024-12-09,completed
1338,564,2024-12-18,cancelled
1339,573,2024-12-04,returned
1340,113,2024-12-06,completed
1341,6,2024-12-02,cancelled
1342,556,2024-12-24,cancelled
1343,300,2024-12-27,completed
1344,412,2024-12-19,completed
1345,150,2024-12-20,completed
1346,3,2024-12-04,completed
1347,189,2024-12-25,completed
1348,229,2024-12-18,completed
1349,343,2024-12-16,completed
1350,331,2024-12-27,completed
1351,399,2024-12-07,completed
1352,153,2024-12-01,completed
1353,204,2024-12-13,completed
1354,199,2024-12-08,cancelled
1355,22,2024-12-19,cancelled
1356,51,2024-12-04,completed
1357,213,2024-12-15,cancelled
1358,532,2024-12-26,completed
1359,534,2024-12-15,completed
1360,332,2024-12-25,completed
1361,436,2024-12-16,completed
1362,113,2024-12-16,completed
1363,567,2024-12-20,completed
1364,373,2024-12-07,completed
1365,393,2024-12-09,completed
1366,423,2024-12-23,completed
1367,168,2024-12-04,completed
1368,251,2024-12-02,completed
1369,160,2024-12-20,completed
1370,419,2024-12-27,completed
1371,34,2024-12-09,completed
1372,295,2024-12-14,completed
1373,247,2024-12-23,completed
1374,462,2024-12-20,completed
1375,150,2024-12-09,completed
1376,415,2024-12-04,cancelled
1377,572,2024-12-20,completed
1378,569,2024-12-10,returned
1379,570,2024-12-07,completed
1380,16,2024-12-13,returned
1381,537,2024-12-23,completed
1382,246,2024-12-09,returned
1383,307,2024-12-10,completed
1384,197,2024-12-13,completed
1385,92,2024-12-09,completed
1386,533,2024-12-11,completed
1387,462,2024-12-22,completed
1388,79,2024-12-24,returned
1389,145,2024-12-06,completed
1390,301,2024-12-04,completed
1391,102,2024-12-27,cancelled
1392,553,2024-12-02,completed
1393,16,2024-12-02,completed
1394,79,2024-12-07,completed
1395,134,2024-12-02,completed
1396,397,2024-12-28,completed
1397,131,2024-12-20,completed
1398,545,2024-12-03,completed
1399,8,2024-12-04,completed
1400,477,2024-12-22,completed
1401,592,2024-12-07,returned
1402,222,2024-12-05,returned
1403,523,2024-12-16,completed
1404,477,2024-12-22,completed
1405,79,2024-12-25,completed
1406,308,2024-12-02,completed
1407,51,2024-12-12,returned
1408,595,2024-12-19,completed
1409,8,2024-12-22,completed
1410,341,2024-12-18,completed
1411,113,2024-12-03,completed
1412,323,2024-12-17,completed
1413,471,2024-12-24,completed
1414,463,2024-12-01,completed
1415,201,2024-12-10,completed
1416,260,2024-12-12,returned
1417,447,2024-12-19,returned
1418,282,2024-12-19,completed
1419,512,2024-12-03,completed
1420,430,2024-12-10,completed
1421,567,2024-12-23,completed
1422,366,2024-12-05,completed
1423,58,2024-12-09,completed
1424,520,2024-12-04,completed
1425,168,2024-12-02,completed
1426,16,2024-12-27,cancelled
1427,430,2024-12-17,completed
1428,552,2024-12-03,completed
1429,130,2024-12-10,completed
1430,105,2024-12-14,completed
1431,145,2024-12-14,completed
1432,327,2024-12-27,completed
1433,197,2024-12-02,completed
1434,500,2024-12-26,returned
1435,273,2024-12-06,completed
1436,92,2024-12-01,completed
1437,470,2024-12-14,completed
1438,223,2024-12-20,completed
1439,545,2024-12-06,completed
1440,399,2024-12-06,completed
1441,252,2024-12-24,completed
1442,240,2024-12-02,completed
1443,306,2024-12-11,returned
1444,456,2024-12-13,completed
1445,85,2024-12-04,completed
1446,23,2024-12-17,completed
1447,173,2024-12-20,completed
1448,103,2024-12-10,completed
1449,512,2024-12-13,completed
1450,527,2024-12-15,completed
1451,236,2024-12-22,completed
1452,249,2024-12-06,completed
1453,552,2024-12-15,completed
1454,48,2024-12-18,completed
1455,76,2024-12-10,completed
1456,487,2024-12-24,completed
1457,399,2024-12-11,completed
1458,133,2024-12-04,completed
1459,34,2024-12-06,completed
1460,431,2025-01-04,completed
1461,244,2025-01-02,returned
1462,268,2025-01-16,completed
1463,568,2025-01-10,completed
1464,39,2025-01-06,completed
1465,564,2025-01-16,cancelled
1466,134,2025-01-23,completed
1467,252,2025-01-14,completed
1468,214,2025-01-18,completed
1469,168,2025-01-09,completed
1470,486,2025-01-27,completed
1471,368,2025-01-17,completed
1472,73,2025-01-21,completed
1473,58,2025-01-05,completed
1474,300,2025-01-16,completed
1475,349,2025-01-27,completed
1476,388,2025-01-18,completed
1477,232,2025-01-13,returned
1478,219,2025-01-06,completed
1479,97,2025-01-16,completed
1480,337,2025-01-09,completed
1481,219,2025-01-21,completed
1482,78,2025-01-06,cancelled
1483,249,2025-01-13,completed
1484,500,2025-01-18,completed
1485,344,2025-01-18,completed
1486,328,2025-01-27,completed
1487,457,2025-01-13,completed
1488,265,2025-01-10,completed
1489,198,2025-01-10,returned
1490,337,2025-01-14,cancelled
1491,525,2025-01-14,completed
1492,292,2025-01-10,completed
1493,223,2025-01-24,completed
1494,104,2025-01-16,completed
1495,95,2025-01-12,cancelled
1496,298,2025-01-11,completed
1497,385,2025-01-12,completed
1498,473,2025-01-27,completed
1499,160,2025-01-11,completed
1500,525,2025-01-03,completed
1501,311,2025-01-02,completed
1502,6,2025-01-07,completed
1503,487,2025-01-16,completed
1504,227,2025-01-04,completed
1505,237,2025-01-24,completed
1506,177,2025-01-14,cancelled
1507,16,2025-01-26,completed
1508,159,2025-01-16,completed
1509,314,2025-01-22,cancelled
1510,377,2025-01-10,returned
1511,505,2025-01-04,completed
1512,537,2025-01-22,completed
1513,387,2025-01-07,cancelled
1514,525,2025-01-25,completed
1515,463,2025-01-04,completed
1516,285,2025-01-15,completed
1517,450,2025-01-11,completed
1518,133,2025-01-11,completed
1519,352,2025-01-26,completed
1520,306,2025-01-28,completed
1521,478,2025-01-23,completed
1522,309,2025-01-12,completed
1523,494,2025-01-13,completed
1524,288,2025-01-08,completed
1525,392,2025-01-25,completed
1526,600,2025-01-20,completed
1527,586,2025-01-02,returned
1528,91,2025-01-01,returned
1529,256,2025-01-07,returned
1530,301,2025-01-14,completed
1531,500,2025-01-27,completed
1532,63,2025-01-26,completed
1533,288,2025-01-18,completed
1534,7,2025-01-20,cancelled
1535,583,2025-01-06,cancelled
1536,537,2025-01-08,completed
1537,505,2025-01-19,completed
1538,16,2025-01-15,completed
1539,388,2025-01-23,completed
1540,249,2025-01-18,completed
1541,252,2025-01-26,completed
1542,480,2025-01-01,completed
1543,393,2025-01-03,completed
1544,251,2025-01-24,completed
1545,497,2025-01-05,completed
1546,454,2025-01-09,completed
1547,272,2025-01-27,completed
1548,226,2025-01-21,completed
1549,337,2025-01-24,returned
1550,20,2025-01-13,completed
1551,263,2025-01-18,cancelled
1552,337,2025-01-22,completed
1553,535,2025-01-25,returned
1554,306,2025-01-02,completed
1555,541,2025-01-12,completed
1556,450,2025-01-10,returned
1557,346,2025-01-01,cancelled
1558,103,2025-01-21,completed
1559,196,2025-01-11,returned
1560,242,2025-01-09,completed
1561,153,2025-01-22,completed
1562,205,2025-01-03,completed
1563,457,2025-01-11,completed
1564,433,2025-01-05,completed
1565,579,2025-01-05,completed
1566,301,2025-01-03,completed
1567,573,2025-01-06,completed
1568,253,2025-01-22,completed
1569,73,2025-01-13,completed
1570,545,2025-01-24,completed
1571,568,2025-01-09,completed
1572,207,2025-01-25,returned
1573,384,2025-01-28,completed
1574,304,2025-01-12,completed
1575,48,2025-01-14,returned
1576,470,2025-01-23,returned
1577,507,2025-02-28,completed
1578,483,2025-02-04,completed
1579,103,2025-02-04,completed
1580,460,2025-02-03,completed
1581,306,2025-02-28,completed
1582,255,2025-02-26,completed
1583,452,2025-02-22,completed
1584,573,2025-02-24,completed
1585,27,2025-02-13,completed
1586,365,2025-02-20,returned
1587,551,2025-02-10,completed
1588,451,2025-02-16,completed
1589,588,2025-02-20,returned
1590,320,2025-02-11,completed
1591,524,2025-02-22,completed
1592,457,2025-02-20,completed
1593,384,2025-02-19,completed
1594,330,2025-02-10,completed
1595,583,2025-02-06,completed
1596,78,2025-02-23,completed
1597,292,2025-02-01,completed
1598,189,2025-02-06,completed
1599,92,2025-02-19,completed
1600,517,2025-02-11,completed
1601,230,2025-02-24,completed
1602,547,2025-02-09,completed
1603,332,2025-02-08,completed
1604,545,2025-02-15,completed
1605,340,2025-02-25,completed
1606,446,2025-02-08,completed
1607,59,2025-02-15,completed
1608,454,2025-02-09,completed
1609,128,2025-02-25,completed
1610,279,2025-02-23,completed
1611,462,2025-02-09,completed
1612,292,2025-02-05,completed
1613,93,2025-02-23,completed
1614,537,2025-02-14,completed
1615,5,2025-02-09,completed
1616,446,2025-02-21,completed
1617,305,2025-02-15,completed
1618,124,2025-02-28,completed
1619,281,2025-02-27,completed
1620,183,2025-02-10,completed
1621,53,2025-02-01,returned
1622,281,2025-02-15,cancelled
1623,271,2025-02-07,completed
1624,236,2025-02-09,completed
1625,269,2025-02-26,returned
1626,365,2025-02-23,completed
1627,51,2025-02-28,cancelled
1628,196,2025-02-02,completed
1629,588,2025-02-12,completed
1630,253,2025-02-01,completed
1631,507,2025-02-27,completed
1632,377,2025-02-08,completed
1633,210,2025-02-26,cancelled
1634,596,2025-02-08,completed
1635,335,2025-02-27,completed
1636,247,2025-02-08,completed
1637,183,2025-02-26,completed
1638,370,2025-02-28,completed
1639,250,2025-02-16,completed
1640,217,2025-02-15,returned
1641,39,2025-02-15,completed
1642,173,2025-02-13,completed
1643,398,2025-02-06,cancelled
1644,6,2025-02-12,completed
1645,26,2025-02-27,cancelled
1646,306,2025-02-03,completed
1647,294,2025-02-18,completed
1648,567,2025-02-20,completed
1649,329,2025-02-24,returned
1650,395,2025-02-05,completed
1651,118,2025-02-06,cancelled
1652,479,2025-02-24,returned
1653,477,2025-02-06,completed
1654,247,2025-02-14,completed
1655,34,2025-02-06,completed
1656,27,2025-02-03,completed
1657,580,2025-02-14,returned
1658,499,2025-02-14,completed
1659,270,2025-02-03,completed
1660,7,2025-02-04,returned
1661,317,2025-02-13,completed
1662,214,2025-02-28,completed
1663,183,2025-02-10,completed
1664,113,2025-02-01,cancelled
1665,360,2025-02-01,completed
1666,365,2025-02-19,completed
1667,177,2025-02-03,completed
1668,177,2025-02-17,completed
1669,453,2025-02-18,completed
1670,541,2025-02-26,completed
1671,274,2025-02-05,cancelled
1672,276,2025-02-23,completed
1673,146,2025-02-08,completed
1674,291,2025-02-28,completed
1675,210,2025-02-25,completed
1676,253,2025-02-19,completed
1677,599,2025-02-26,completed
1678,498,2025-02-05,completed
1679,458,2025-02-14,completed
1680,347,2025-02-26,completed
1681,323,2025-02-01,completed
1682,163,2025-02-22,cancelled
1683,189,2025-02-04,completed
1684,449,2025-02-17,completed
1685,253,2025-02-04,completed
1686,184,2025-02-21,completed
1687,454,2025-02-28,cancelled
1688,533,2025-02-09,completed
1689,24,2025-02-25,completed
1690,365,2025-02-06,completed
1691,398,2025-02-01,completed
1692,283,2025-03-21,completed
1693,72,2025-03-22,completed
1694,133,2025-03-14,cancelled
1695,415,2025-03-17,cancelled
1696,399,2025-03-26,completed
1697,6,2025-03-08,completed
1698,234,2025-03-08,completed
1699,268,2025-03-27,completed
1700,343,2025-03-23,returned
1701,579,2025-03-07,completed
1702,463,2025-03-20,returned
1703,128,2025-03-09,completed
1704,39,2025-03-13,completed
1705,331,2025-03-24,completed
1706,483,2025-03-28,cancelled
1707,364,2025-03-25,completed
1708,282,2025-03-23,completed
1709,329,2025-03-27,completed
1710,391,2025-03-23,completed
1711,59,2025-03-26,returned
1712,273,2025-03-01,completed
1713,104,2025-03-16,completed
1714,395,2025-03-03,completed
1715,580,2025-03-06,completed
1716,486,2025-03-06,cancelled
1717,253,2025-03-18,completed
1718,466,2025-03-03,completed
1719,224,2025-03-09,completed
1720,206,2025-03-04,completed
1721,2,2025-03-16,completed
1722,145,2025-03-22,completed
1723,569,2025-03-22,completed
1724,245,2025-03-05,completed
1725,434,2025-03-11,completed
1726,179,2025-03-10,completed
1727,328,2025-03-03,completed
1728,334,2025-03-09,completed
1729,416,2025-03-26,returned
1730,292,2025-03-16,completed
1731,269,2025-03-03,completed
1732,208,2025-03-08,completed
1733,150,2025-03-01,completed
1734,51,2025-03-21,completed
1735,16,2025-03-21,completed
1736,136,2025-03-23,returned
1737,27,2025-03-02,completed
1738,205,2025-03-02,completed
1739,533,2025-03-10,completed
1740,7,2025-03-13,returned
1741,8,2025-03-13,completed
1742,234,2025-03-03,completed
1743,384,2025-03-24,completed
1744,199,2025-03-11,completed
1745,148,2025-03-12,completed
1746,384,2025-03-17,completed
1747,379,2025-03-09,completed
1748,329,2025-03-03,completed
1749,16,2025-03-06,completed
1750,128,2025-03-02,completed
1751,359,2025-03-28,completed
1752,323,2025-03-24,completed
1753,419,2025-03-09,completed
1754,103,2025-03-17,completed
1755,138,2025-03-03,returned
1756,473,2025-03-13,returned
1757,300,2025-03-05,completed
1758,577,2025-03-02,completed
1759,114,2025-03-11,completed
1760,87,2025-03-02,completed
1761,230,2025-03-25,completed
1762,482,2025-03-07,completed
1763,388,2025-03-16,completed
1764,534,2025-03-20,completed
1765,145,2025-03-22,completed
1766,482,2025-03-18,completed
1767,159,2025-03-11,completed
1768,424,2025-03-24,cancelled
1769,196,2025-03-16,completed
1770,510,2025-03-03,completed
1771,175,2025-03-24,completed
1772,183,2025-03-20,completed
1773,344,2025-03-02,completed
1774,227,2025-03-11,completed
1775,58,2025-03-12,returned
1776,88,2025-03-28,completed
1777,35,2025-03-09,completed
1778,33,2025-03-24,completed
1779,104,2025-03-09,completed
1780,183,2025-03-07,completed
1781,229,2025-03-07,completed
1782,387,2025-03-16,returned
1783,226,2025-03-03,completed
1784,203,2025-03-28,completed
1785,288,2025-03-15,completed
1786,314,2025-03-17,completed
1787,378,2025-03-23,completed
1788,550,2025-03-21,completed
1789,103,2025-03-17,completed
1790,392,2025-03-08,completed
1791,273,2025-03-21,completed
1792,329,2025-03-28,completed
1793,34,2025-03-17,completed
1794,245,2025-03-21,completed
1795,73,2025-03-06,completed
1796,491,2025-03-05,completed
1797,241,2025-03-05,completed
1798,541,2025-03-20,cancelled
1799,523,2025-03-14,completed
1800,164,2025-03-15,completed
1801,268,2025-03-11,cancelled
1802,431,2025-03-09,completed
1803,145,2025-03-18,returned
1804,206,2025-03-26,completed
1805,27,2025-03-18,cancelled
1806,252,2025-03-09,completed
1807,371,2025-03-05,completed
1808,268,2025-03-22,completed
1809,157,2025-03-27,completed
1810,223,2025-03-18,completed
1811,450,2025-03-12,completed
1812,250,2025-03-04,completed
1813,491,2025-03-09,completed
1814,562,2025-03-25,completed
1815,79,2025-03-15,completed
1816,424,2025-04-22,completed
1817,372,2025-04-15,completed
1818,32,2025-04-12,completed
1819,341,2025-04-03,completed
1820,268,2025-04-22,cancelled
1821,219,2025-04-11,completed
1822,124,2025-04-05,cancelled
1823,173,2025-04-03,completed
1824,283,2025-04-17,completed
1825,301,2025-04-15,completed
1826,306,2025-04-12,completed
1827,295,2025-04-01,completed
1828,97,2025-04-01,completed
1829,421,2025-04-21,completed
1830,53,2025-04-24,completed
1831,206,2025-04-09,completed
1832,314,2025-04-24,completed
1833,85,2025-04-19,completed
1834,447,2025-04-22,completed
1835,145,2025-04-10,completed
1836,480,2025-04-04,completed
1837,265,2025-04-17,completed
1838,379,2025-04-16,cancelled
1839,498,2025-04-16,completed
1840,592,2025-04-13,completed
1841,387,2025-04-28,completed
1842,528,2025-04-10,completed
1843,84,2025-04-14,completed
1844,104,2025-04-03,completed
1845,345,2025-04-22,completed
1846,341,2025-04-10,completed
1847,520,2025-04-12,completed
1848,323,2025-04-09,completed
1849,470,2025-04-10,completed
1850,382,2025-04-27,completed
1851,7,2025-04-10,completed
1852,156,2025-04-18,completed
1853,157,2025-04-07,completed
1854,189,2025-04-04,completed
1855,48,2025-04-22,completed
1856,600,2025-04-18,completed
1857,577,2025-04-04,completed
1858,260,2025-04-03,completed
1859,351,2025-04-04,completed
1860,524,2025-04-22,completed
1861,148,2025-04-20,completed
1862,79,2025-04-13,completed
1863,252,2025-04-02,completed
1864,120,2025-04-11,completed
1865,351,2025-04-15,completed
1866,265,2025-04-11,completed
1867,230,2025-04-13,completed
1868,195,2025-04-03,returned
1869,466,2025-04-15,completed
1870,251,2025-04-14,completed
1871,397,2025-04-26,completed
1872,188,2025-04-18,completed
1873,2,2025-04-02,completed
1874,567,2025-04-25,cancelled
1875,424,2025-04-21,completed
1876,378,2025-04-04,cancelled
1877,556,2025-04-04,completed
1878,11,2025-04-08,completed
1879,74,2025-04-25,completed
1880,360,2025-04-13,completed
1881,457,2025-04-18,completed
1882,384,2025-04-19,completed
1883,163,2025-04-08,completed
1884,35,2025-04-18,completed
1885,279,2025-04-10,completed
1886,541,2025-04-05,completed
1887,365,2025-04-13,completed
1888,8,2025-04-13,completed
1889,229,2025-04-10,returned
1890,94,2025-04-26,completed
1891,366,2025-04-05,completed
1892,417,2025-04-12,completed
1893,104,2025-04-19,completed
1894,365,2025-04-03,completed
1895,265,2025-04-11,completed
1896,311,2025-04-03,completed
1897,282,2025-04-15,completed
1898,445,2025-04-15,completed
1899,263,2025-04-16,completed
1900,206,2025-04-21,completed
1901,382,2025-04-16,completed
1902,104,2025-04-19,cancelled
1903,22,2025-04-01,returned
1904,103,2025-04-23,completed
1905,364,2025-04-12,completed
1906,301,2025-04-22,completed
1907,23,2025-04-05,completed
1908,527,2025-04-26,cancelled
1909,298,2025-04-08,completed
1910,345,2025-04-26,completed
1911,205,2025-04-05,returned
1912,567,2025-04-20,completed
1913,176,2025-04-07,cancelled
1914,128,2025-04-01,completed
1915,436,2025-04-16,completed
1916,392,2025-04-08,completed
1917,569,2025-04-27,returned
1918,424,2025-04-19,completed
1919,271,2025-04-24,completed
1920,414,2025-04-24,completed
1921,12,2025-04-13,completed
1922,144,2025-04-23,completed
1923,343,2025-04-09,completed
1924,458,2025-04-12,completed
1925,574,2025-04-07,completed
1926,132,2025-04-11,completed
1927,201,2025-04-16,completed
1928,104,2025-04-02,completed
1929,388,2025-04-18,completed
1930,259,2025-04-13,completed
1931,292,2025-04-03,completed
1932,268,2025-04-11,completed
1933,96,2025-04-22,completed
1934,490,2025-04-01,completed
1935,541,2025-04-06,completed
1936,314,2025-04-28,returned
1937,6,2025-04-27,completed
1938,572,2025-04-24,completed
1939,96,2025-04-09,completed
1940,53,2025-04-16,completed
1941,195,2025-04-14,completed
1942,230,2025-04-23,completed
1943,457,2025-04-02,completed
1944,406,2025-04-07,completed
1945,365,2025-05-03,completed
1946,104,2025-05-26,cancelled
1947,230,2025-05-14,completed
1948,302,2025-05-24,completed
1949,414,2025-05-24,completed
1950,140,2025-05-21,completed
1951,457,2025-05-23,cancelled
1952,320,2025-05-02,completed
1953,496,2025-05-28,returned
1954,454,2025-05-20,completed
1955,430,2025-05-09,completed
1956,223,2025-05-03,returned
1957,556,2025-05-16,completed
1958,391,2025-05-12,completed
1959,524,2025-05-23,completed
1960,439,2025-05-03,completed
1961,269,2025-05-14,completed
1962,2,2025-05-20,completed
1963,332,2025-05-01,completed
1964,578,2025-05-19,cancelled
1965,183,2025-05-09,completed
1966,598,2025-05-15,completed
1967,59,2025-05-04,cancelled
1968,250,2025-05-01,completed
1969,239,2025-05-01,cancelled
1970,487,2025-05-05,completed
1971,424,2025-05-01,completed
1972,579,2025-05-22,completed
1973,436,2025-05-11,completed
1974,159,2025-05-28,returned
1975,498,2025-05-13,completed
1976,3,2025-05-16,completed
1977,323,2025-05-28,completed
1978,27,2025-05-01,completed
1979,545,2025-05-16,completed
1980,196,2025-05-01,completed
1981,545,2025-05-05,completed
1982,435,2025-05-26,cancelled
1983,16,2025-05-19,returned
1984,238,2025-05-22,completed
1985,193,2025-05-12,returned
1986,220,2025-05-10,completed
1987,170,2025-05-07,completed
1988,291,2025-05-27,returned
1989,311,2025-05-04,completed
1990,507,2025-05-26,cancelled
1991,268,2025-05-14,completed
1992,498,2025-05-08,completed
1993,120,2025-05-18,completed
1994,268,2025-05-12,completed
1995,232,2025-05-20,cancelled
1996,399,2025-05-06,completed
1997,484,2025-05-11,cancelled
1998,450,2025-05-03,completed
1999,267,2025-05-15,completed
2000,274,2025-05-22,completed
2001,5,2025-05-06,completed
2002,306,2025-05-11,completed
2003,195,2025-05-12,completed
2004,399,2025-05-18,completed
2005,30,2025-05-13,completed
2006,480,2025-05-12,completed
2007,597,2025-05-16,completed
2008,549,2025-05-16,completed
2009,320,2025-05-01,completed
2010,388,2025-05-26,completed
2011,262,2025-05-15,completed
2012,329,2025-05-15,returned
2013,113,2025-05-02,completed
2014,2,2025-05-07,returned
2015,417,2025-05-04,completed
2016,73,2025-05-08,completed
2017,337,2025-05-18,returned
2018,416,2025-05-16,cancelled
2019,450,2025-05-06,completed
2020,274,2025-05-18,completed
2021,351,2025-05-23,returned
2022,537,2025-05-16,completed
2023,227,2025-05-14,completed
2024,592,2025-05-15,completed
2025,307,2025-05-18,completed
2026,424,2025-05-06,completed
2027,423,2025-05-22,completed
2028,210,2025-05-17,completed
2029,168,2025-05-02,completed
2030,188,2025-05-28,completed
2031,592,2025-05-27,returned
2032,424,2025-05-04,completed
2033,481,2025-05-25,completed
2034,366,2025-05-20,completed
2035,210,2025-05-07,returned
2036,528,2025-05-03,completed
2037,117,2025-05-21,completed
2038,266,2025-05-08,completed
2039,183,2025-05-10,completed
2040,253,2025-05-11,completed
2041,417,2025-05-03,completed
2042,168,2025-05-06,completed
2043,469,2025-05-18,completed
2044,83,2025-05-10,completed
2045,183,2025-05-07,completed
2046,238,2025-05-17,cancelled
2047,567,2025-05-13,returned
2048,367,2025-05-12,cancelled
2049,505,2025-05-04,completed
2050,354,2025-05-26,completed
2051,176,2025-05-19,completed
2052,11,2025-05-21,cancelled
2053,559,2025-05-23,completed
2054,567,2025-05-14,completed
2055,594,2025-05-21,completed
2056,294,2025-05-08,completed
2057,354,2025-05-18,cancelled
2058,236,2025-05-25,completed
2059,153,2025-05-12,completed
2060,268,2025-05-05,completed
2061,290,2025-05-25,cancelled
2062,308,2025-05-13,completed
2063,415,2025-05-15,completed
2064,197,2025-05-15,cancelled
2065,551,2025-05-18,completed
2066,226,2025-05-19,completed
2067,284,2025-05-14,completed
2068,434,2025-05-21,completed
2069,219,2025-05-09,completed
2070,381,2025-05-02,cancelled
2071,600,2025-05-28,completed
2072,352,2025-05-10,completed
2073,204,2025-05-27,completed
2074,251,2025-05-21,completed
2075,252,2025-05-19,completed
2076,388,2025-05-17,completed
2077,545,2025-05-14,cancelled
2078,34,2025-05-12,cancelled
2079,523,2025-05-10,completed
2080,59,2025-05-10,returned
2081,551,2025-05-18,completed
2082,133,2025-05-12,cancelled
2083,219,2025-05-11,completed
2084,455,2025-05-12,completed
2085,240,2025-05-28,completed
2086,543,2025-05-16,completed
2087,172,2025-05-07,completed
2088,268,2025-05-15,completed
2089,371,2025-06-12,completed
2090,78,2025-06-10,completed
2091,28,2025-06-05,completed
2092,255,2025-06-01,completed
2093,250,2025-06-04,completed
2094,301,2025-06-09,completed
2095,93,2025-06-08,completed
2096,280,2025-06-22,completed
2097,533,2025-06-17,completed
2098,8,2025-06-13,completed
2099,274,2025-06-09,completed
2100,505,2025-06-21,completed
2101,439,2025-06-15,completed
2102,533,2025-06-01,returned
2103,400,2025-06-09,completed
2104,210,2025-06-07,completed
2105,354,2025-06-03,completed
2106,251,2025-06-24,completed
2107,395,2025-06-05,completed
2108,313,2025-06-25,completed
2109,457,2025-06-01,completed
2110,218,2025-06-17,completed
2111,332,2025-06-26,completed
2112,416,2025-06-12,completed
2113,416,2025-06-13,returned
2114,377,2025-06-26,completed
2115,370,2025-06-04,completed
2116,291,2025-06-19,completed
2117,199,2025-06-07,completed
2118,174,2025-06-25,completed
2119,186,2025-06-02,completed
2120,234,2025-06-08,cancelled
2121,373,2025-06-02,completed
2122,379,2025-06-10,completed
2123,583,2025-06-12,completed
2124,332,2025-06-11,completed
2125,387,2025-06-16,completed
2126,278,2025-06-03,completed
2127,196,2025-06-09,completed
2128,185,2025-06-16,completed
2129,477,2025-06-21,completed
2130,573,2025-06-06,completed
2131,173,2025-06-21,completed
2132,177,2025-06-22,completed
2133,60,2025-06-09,completed
2134,324,2025-06-05,returned
2135,55,2025-06-17,completed
2136,381,2025-06-09,completed
2137,197,2025-06-21,completed
2138,359,2025-06-26,returned
2139,354,2025-06-22,completed
2140,314,2025-06-02,completed
2141,374,2025-06-12,completed
2142,279,2025-06-13,completed
2143,56,2025-06-22,cancelled
2144,475,2025-06-25,completed
2145,24,2025-06-14,completed
2146,481,2025-06-08,completed
2147,201,2025-06-28,completed
2148,252,2025-06-19,completed
2149,429,2025-06-07,cancelled
2150,482,2025-06-08,completed
2151,568,2025-06-19,completed
2152,244,2025-06-17,returned
2153,480,2025-06-07,completed
2154,330,2025-06-21,completed
2155,381,2025-06-09,completed
2156,419,2025-06-25,completed
2157,388,2025-06-21,completed
2158,168,2025-06-17,completed
2159,529,2025-06-16,completed
2160,166,2025-06-18,completed
2161,34,2025-06-27,completed
2162,312,2025-06-28,completed
2163,195,2025-06-28,completed
2164,470,2025-06-13,completed
2165,234,2025-06-28,completed
2166,188,2025-06-15,completed
2167,479,2025-06-13,completed
2168,16,2025-06-25,completed
2169,416,2025-06-07,completed
2170,533,2025-06-08,completed
2171,236,2025-06-09,completed
2172,344,2025-06-03,completed
2173,305,2025-06-14,cancelled
2174,240,2025-06-15,completed
2175,505,2025-06-22,completed
2176,537,2025-06-16,completed
2177,594,2025-06-28,completed
2178,109,2025-06-10,completed
2179,279,2025-06-11,completed
2180,578,2025-06-09,completed
2181,34,2025-06-14,completed
2182,535,2025-06-19,completed
2183,85,2025-06-04,completed
2184,138,2025-06-10,completed
2185,11,2025-06-13,completed
2186,430,2025-06-09,completed
2187,132,2025-06-05,completed
2188,337,2025-06-27,completed
2189,320,2025-06-05,completed
2190,292,2025-06-01,cancelled
2191,534,2025-06-08,cancelled
2192,338,2025-06-11,returned
2193,107,2025-06-16,cancelled
2194,196,2025-06-10,completed
2195,207,2025-06-01,completed
2196,102,2025-06-01,completed
2197,195,2025-06-12,returned
2198,92,2025-06-20,cancelled
2199,525,2025-06-05,completed
2200,415,2025-06-22,completed
2201,559,2025-06-18,completed
2202,150,2025-06-18,completed
2203,176,2025-06-28,completed
2204,341,2025-06-04,completed
2205,583,2025-06-05,completed
2206,454,2025-06-07,completed
2207,365,2025-06-10,returned
2208,85,2025-06-13,completed
2209,176,2025-06-25,completed
2210,236,2025-06-28,completed
2211,555,2025-06-09,completed
2212,34,2025-06-20,completed
2213,104,2025-06-20,completed
2214,567,2025-06-04,completed
2215,480,2025-06-20,completed
2216,477,2025-06-27,completed
2217,473,2025-06-01,completed
2218,434,2025-06-02,completed
2219,430,2025-06-24,completed
2220,249,2025-06-04,completed
2221,378,2025-06-08,completed
2222,354,2025-06-22,completed
2223,311,2025-06-27,cancelled
2224,415,2025-06-27,completed
2225,560,2025-06-16,completed
2226,230,2025-06-03,completed
2227,487,2025-06-12,cancelled
2228,312,2025-06-25,completed
2229,370,2025-06-10,completed
2230,212,2025-06-04,completed
2231,592,2025-06-05,completed
2232,507,2025-06-05,completed
2233,240,2025-06-22,completed
2234,21,2025-06-19,completed
2235,56,2025-06-18,completed
2236,564,2025-06-13,completed
2237,445,2025-06-18,completed
2238,337,2025-06-25,completed
2239,72,2025-06-18,completed
2240,438,2025-06-08,completed
2241,575,2025-06-15,completed
2242,567,2025-06-02,completed
2243,553,2025-06-08,completed
2244,559,2025-06-19,completed
2245,264,2025-06-12,completed
2246,337,2025-07-23,completed
2247,512,2025-07-01,completed
2248,214,2025-07-10,completed
2249,307,2025-07-02,completed
2250,145,2025-07-27,completed
2251,189,2025-07-25,completed
2252,155,2025-07-10,completed
2253,579,2025-07-19,completed
2254,236,2025-07-26,completed
2255,20,2025-07-08,completed
2256,340,2025-07-17,completed
2257,250,2025-07-14,completed
2258,47,2025-07-14,completed
2259,502,2025-07-18,completed
2260,196,2025-07-03,completed
2261,238,2025-07-22,completed
2262,406,2025-07-08,completed
2263,81,2025-07-20,completed
2264,36,2025-07-25,completed
2265,2,2025-07-14,completed
2266,279,2025-07-17,completed
2267,226,2025-07-26,cancelled
2268,277,2025-07-02,completed
2269,274,2025-07-17,completed
2270,190,2025-07-20,completed
2271,24,2025-07-18,completed
2272,20,2025-07-13,returned
2273,249,2025-07-17,completed
2274,454,2025-07-01,completed
2275,138,2025-07-26,returned
2276,268,2025-07-03,completed
2277,257,2025-07-19,completed
2278,553,2025-07-23,completed
2279,229,2025-07-08,cancelled
2280,351,2025-07-19,completed
2281,262,2025-07-25,cancelled
2282,583,2025-07-11,completed
2283,265,2025-07-02,completed
2284,562,2025-07-07,completed
2285,588,2025-07-22,completed
2286,436,2025-07-04,returned
2287,579,2025-07-26,completed
2288,37,2025-07-14,completed
2289,46,2025-07-17,returned
2290,513,2025-07-17,completed
2291,414,2025-07-16,returned
2292,11,2025-07-05,completed
2293,190,2025-07-27,completed
2294,155,2025-07-23,completed
2295,307,2025-07-14,completed
2296,533,2025-07-05,completed
2297,128,2025-07-11,completed
2298,429,2025-07-25,completed
2299,359,2025-07-12,completed
2300,467,2025-07-06,completed
2301,580,2025-07-24,completed
2302,195,2025-07-17,completed
2303,377,2025-07-22,completed
2304,491,2025-07-21,completed
2305,280,2025-07-21,completed
2306,441,2025-07-10,completed
2307,102,2025-07-23,returned
2308,433,2025-07-22,completed
2309,261,2025-07-23,completed
2310,329,2025-07-05,completed
2311,371,2025-07-16,completed
2312,52,2025-07-11,completed
2313,419,2025-07-10,completed
2314,90,2025-07-15,completed
2315,2,2025-07-08,cancelled
2316,96,2025-07-19,returned
2317,249,2025-07-23,completed
2318,567,2025-07-03,completed
2319,53,2025-07-21,completed
2320,53,2025-07-10,completed
2321,79,2025-07-07,completed
2322,306,2025-07-11,completed
2323,120,2025-07-13,completed
2324,491,2025-07-06,completed
2325,545,2025-07-09,completed
2326,460,2025-07-23,completed
2327,364,2025-07-16,returned
2328,596,2025-07-15,completed
2329,207,2025-07-09,cancelled
2330,227,2025-07-28,completed
2331,279,2025-07-09,completed
2332,534,2025-07-19,completed
2333,170,2025-07-24,completed
2334,532,2025-07-18,completed
2335,249,2025-07-17,completed
2336,512,2025-07-20,returned
2337,580,2025-07-28,completed
2338,346,2025-07-11,cancelled
2339,447,2025-07-19,completed
2340,600,2025-07-10,completed
2341,578,2025-07-15,completed
2342,241,2025-07-07,completed
2343,348,2025-07-14,completed
2344,458,2025-07-03,returned
2345,420,2025-07-20,completed
2346,210,2025-07-20,completed
2347,549,2025-07-02,completed
2348,133,2025-07-03,returned
2349,554,2025-07-08,completed
2350,543,2025-07-04,completed
2351,254,2025-07-10,completed
2352,82,2025-07-02,completed
2353,150,2025-07-26,completed
2354,434,2025-07-13,returned
2355,340,2025-07-02,completed
2356,415,2025-07-11,completed
2357,201,2025-07-09,completed
2358,446,2025-07-19,cancelled
2359,470,2025-07-13,completed
2360,48,2025-07-16,completed
2361,190,2025-07-11,completed
2362,592,2025-07-03,completed
2363,492,2025-07-14,completed
2364,287,2025-07-09,completed
2365,329,2025-07-05,completed
2366,19,2025-07-14,completed
2367,34,2025-07-21,completed
2368,337,2025-07-20,completed
2369,2,2025-07-16,completed
2370,260,2025-07-08,completed
2371,53,2025-07-03,cancelled
2372,419,2025-07-06,returned
2373,230,2025-07-16,completed
2374,222,2025-07-06,completed
2375,540,2025-07-03,returned
2376,449,2025-07-13,completed
2377,312,2025-07-13,completed
2378,411,2025-07-02,completed
2379,205,2025-07-08,returned
2380,206,2025-07-24,completed
2381,492,2025-07-02,completed
2382,102,2025-07-05,cancelled
2383,495,2025-07-06,completed
2384,199,2025-07-15,completed
2385,416,2025-07-09,returned
2386,184,2025-07-26,completed
2387,533,2025-07-09,completed
2388,436,2025-07-05,completed
2389,275,2025-07-23,completed
2390,312,2025-07-08,completed
2391,434,2025-07-14,completed
2392,281,2025-07-26,completed
2393,168,2025-07-10,completed
2394,483,2025-08-26,completed
2395,329,2025-08-16,completed
2396,265,2025-08-12,completed
2397,564,2025-08-03,cancelled
2398,534,2025-08-17,returned
2399,113,2025-08-28,completed
2400,267,2025-08-17,completed
2401,237,2025-08-24,completed
2402,499,2025-08-08,completed
2403,158,2025-08-18,completed
2404,274,2025-08-27,completed
2405,321,2025-08-11,completed
2406,203,2025-08-01,completed
2407,155,2025-08-22,completed
2408,523,2025-08-26,completed
2409,305,2025-08-14,completed
2410,210,2025-08-20,completed
2411,256,2025-08-06,completed
2412,421,2025-08-01,completed
2413,230,2025-08-04,completed
2414,230,2025-08-13,completed
2415,419,2025-08-08,completed
2416,512,2025-08-24,cancelled
2417,463,2025-08-06,completed
2418,195,2025-08-23,completed
2419,139,2025-08-15,completed
2420,136,2025-08-19,completed
2421,51,2025-08-23,completed
2422,226,2025-08-06,completed
2423,577,2025-08-03,completed
2424,138,2025-08-03,completed
2425,306,2025-08-07,returned
2426,339,2025-08-10,completed
2427,414,2025-08-04,cancelled
2428,245,2025-08-11,completed
2429,249,2025-08-21,completed
2430,477,2025-08-17,completed
2431,106,2025-08-26,completed
2432,175,2025-08-03,completed
2433,145,2025-08-24,completed
2434,409,2025-08-28,returned
2435,583,2025-08-28,returned
2436,170,2025-08-20,completed
2437,6,2025-08-27,completed
2438,214,2025-08-13,completed
2439,96,2025-08-06,cancelled
2440,146,2025-08-04,completed
2441,505,2025-08-19,completed
2442,230,2025-08-15,completed
2443,534,2025-08-12,completed
2444,232,2025-08-03,completed
2445,535,2025-08-13,completed
2446,183,2025-08-21,returned
2447,596,2025-08-03,completed
2448,341,2025-08-28,completed
2449,236,2025-08-17,completed
2450,160,2025-08-17,completed
2451,274,2025-08-21,returned
2452,320,2025-08-27,completed
2453,213,2025-08-19,completed
2454,500,2025-08-05,returned
2455,523,2025-08-23,completed
2456,491,2025-08-04,completed
2457,81,2025-08-04,completed
2458,568,2025-08-25,completed
2459,432,2025-08-16,cancelled
2460,53,2025-08-16,completed
2461,39,2025-08-04,returned
2462,480,2025-08-12,completed
2463,405,2025-08-24,returned
2464,336,2025-08-25,completed
2465,252,2025-08-13,completed
2466,416,2025-08-07,completed
2467,170,2025-08-26,completed
2468,253,2025-08-24,completed
2469,410,2025-08-05,completed
2470,214,2025-08-26,completed
2471,306,2025-08-06,completed
2472,30,2025-08-08,completed
2473,176,2025-08-27,completed
2474,294,2025-08-07,completed
2475,103,2025-08-05,returned
2476,162,2025-08-02,completed
2477,416,2025-08-07,completed
2478,317,2025-08-19,completed
2479,507,2025-08-12,completed
2480,267,2025-08-06,completed
2481,229,2025-08-17,completed
2482,545,2025-08-20,completed
2483,84,2025-08-01,completed
2484,53,2025-08-16,completed
2485,59,2025-08-05,completed
2486,6,2025-08-10,completed
2487,152,2025-08-16,completed
2488,565,2025-08-15,completed
2489,274,2025-08-17,completed
2490,199,2025-08-10,completed
2491,134,2025-08-20,completed
2492,196,2025-08-27,cancelled
2493,535,2025-08-26,completed
2494,333,2025-08-03,completed
2495,179,2025-08-27,completed
2496,244,2025-08-22,completed
2497,18,2025-08-13,completed
2498,482,2025-08-19,completed
2499,214,2025-08-26,returned
2500,431,2025-08-14,completed
2501,23,2025-08-02,completed
2502,151,2025-08-07,completed
2503,35,2025-08-01,cancelled
2504,195,2025-08-20,completed
2505,45,2025-08-15,completed
2506,569,2025-08-27,completed
2507,39,2025-08-05,completed
2508,433,2025-08-05,completed
2509,543,2025-08-06,completed
2510,232,2025-08-27,completed
2511,523,2025-08-05,completed
2512,525,2025-08-19,completed
2513,425,2025-08-17,returned
2514,66,2025-08-21,completed
2515,461,2025-08-18,completed
2516,341,2025-08-09,completed
2517,153,2025-08-18,completed
2518,600,2025-08-28,completed
2519,245,2025-08-04,cancelled
2520,206,2025-08-17,cancelled
2521,92,2025-08-13,completed
2522,414,2025-08-26,completed
2523,505,2025-08-06,completed
2524,102,2025-08-11,completed
2525,314,2025-08-01,completed
2526,134,2025-08-11,completed
2527,8,2025-08-14,completed
2528,436,2025-08-08,completed
2529,421,2025-08-09,completed
2530,199,2025-08-28,completed
2531,159,2025-08-05,completed
2532,463,2025-08-17,completed
2533,196,2025-08-23,completed
2534,24,2025-08-11,completed
2535,288,2025-08-13,completed
2536,145,2025-08-11,completed
2537,431,2025-08-25,completed
2538,432,2025-08-10,returned
2539,227,2025-08-10,completed
2540,347,2025-08-26,completed
2541,432,2025-08-24,completed
2542,152,2025-08-09,completed
2543,148,2025-08-07,completed
2544,8,2025-08-15,completed
2545,528,2025-08-24,completed
2546,236,2025-09-15,completed
2547,326,2025-09-21,completed
2548,268,2025-09-25,completed
2549,388,2025-09-12,returned
2550,392,2025-09-09,completed
2551,580,2025-09-05,completed
2552,416,2025-09-18,completed
2553,473,2025-09-08,completed
2554,170,2025-09-20,completed
2555,301,2025-09-19,completed
2556,51,2025-09-10,completed
2557,7,2025-09-20,completed
2558,134,2025-09-24,returned
2559,366,2025-09-23,completed
2560,588,2025-09-06,completed
2561,592,2025-09-15,cancelled
2562,104,2025-09-07,cancelled
2563,252,2025-09-28,completed
2564,289,2025-09-20,returned
2565,458,2025-09-26,completed
2566,226,2025-09-12,completed
2567,13,2025-09-09,completed
2568,388,2025-09-08,completed
2569,188,2025-09-12,cancelled
2570,134,2025-09-07,completed
2571,469,2025-09-26,completed
2572,482,2025-09-02,cancelled
2573,183,2025-09-14,returned
2574,27,2025-09-26,returned
2575,177,2025-09-17,cancelled
2576,273,2025-09-11,completed
2577,387,2025-09-25,completed
2578,288,2025-09-17,completed
2579,523,2025-09-04,completed
2580,580,2025-09-17,returned
2581,271,2025-09-17,completed
2582,457,2025-09-07,completed
2583,280,2025-09-12,completed
2584,493,2025-09-28,completed
2585,332,2025-09-02,completed
2586,432,2025-09-28,completed
2587,11,2025-09-08,completed
2588,268,2025-09-01,completed
2589,30,2025-09-27,completed
2590,42,2025-09-07,returned
2591,469,2025-09-04,completed
2592,229,2025-09-17,completed
2593,498,2025-09-17,completed
2594,415,2025-09-28,completed
2595,524,2025-09-06,completed
2596,210,2025-09-20,completed
2597,175,2025-09-21,completed
2598,365,2025-09-12,completed
2599,90,2025-09-23,completed
2600,103,2025-09-15,completed
2601,419,2025-09-19,completed
2602,104,2025-09-04,completed
2603,446,2025-09-20,completed
2604,231,2025-09-27,completed
2605,214,2025-09-02,returned
2606,129,2025-09-26,completed
2607,434,2025-09-25,completed
2608,415,2025-09-11,completed
2609,337,2025-09-13,cancelled
2610,332,2025-09-25,completed
2611,24,2025-09-06,completed
2612,415,2025-09-22,completed
2613,400,2025-09-01,cancelled
2614,454,2025-09-25,completed
2615,193,2025-09-14,completed
2616,167,2025-09-14,completed
2617,320,2025-09-13,completed
2618,208,2025-09-26,completed
2619,234,2025-09-26,completed
2620,92,2025-09-21,completed
2621,552,2025-09-16,completed
2622,493,2025-09-21,cancelled
2623,384,2025-09-13,completed
2624,133,2025-09-12,completed
2625,58,2025-09-23,completed
2626,583,2025-09-19,completed
2627,163,2025-09-04,completed
2628,128,2025-09-07,completed
2629,45,2025-09-20,completed
2630,377,2025-09-20,completed
2631,494,2025-09-17,completed
2632,434,2025-09-24,completed
2633,67,2025-09-05,completed
2634,51,2025-09-26,completed
2635,172,2025-09-05,completed
2636,30,2025-09-24,completed
2637,345,2025-09-14,completed
2638,238,2025-09-28,cancelled
2639,524,2025-09-28,completed
2640,520,2025-09-05,completed
2641,320,2025-09-24,completed
2642,329,2025-09-10,completed
2643,140,2025-09-14,completed
2644,162,2025-09-09,cancelled
2645,498,2025-09-01,completed
2646,493,2025-09-21,completed
2647,234,2025-09-18,completed
2648,17,2025-09-08,completed
2649,354,2025-09-27,completed
2650,434,2025-09-23,completed
2651,523,2025-09-13,completed
2652,125,2025-09-24,completed
2653,447,2025-09-26,returned
2654,10,2025-09-28,completed
2655,402,2025-09-13,completed
2656,240,2025-09-23,completed
2657,394,2025-09-21,completed
2658,491,2025-09-19,completed
2659,189,2025-09-26,completed
2660,86,2025-09-18,completed
2661,393,2025-09-11,completed
2662,260,2025-09-09,completed
2663,345,2025-09-19,completed
2664,206,2025-09-02,completed
2665,258,2025-09-06,completed
2666,73,2025-09-04,completed
2667,265,2025-09-17,cancelled
2668,435,2025-09-22,completed
2669,340,2025-09-28,completed
2670,223,2025-09-07,completed
2671,17,2025-09-12,completed
2672,176,2025-10-20,completed
2673,475,2025-10-27,returned
2674,295,2025-10-28,completed
2675,373,2025-10-21,completed
2676,305,2025-10-23,cancelled
2677,197,2025-10-06,returned
2678,244,2025-10-26,completed
2679,453,2025-10-03,completed
2680,434,2025-10-02,completed
2681,27,2025-10-03,completed
2682,64,2025-10-21,completed
2683,174,2025-10-14,completed
2684,424,2025-10-14,cancelled
2685,489,2025-10-03,cancelled
2686,545,2025-10-19,completed
2687,48,2025-10-25,completed
2688,543,2025-10-01,completed
2689,103,2025-10-02,completed
2690,364,2025-10-26,completed
2691,434,2025-10-05,completed
2692,204,2025-10-17,completed
2693,460,2025-10-18,cancelled
2694,81,2025-10-24,cancelled
2695,531,2025-10-25,completed
2696,301,2025-10-18,completed
2697,505,2025-10-10,completed
2698,482,2025-10-27,completed
2699,408,2025-10-19,completed
2700,345,2025-10-17,cancelled
2701,533,2025-10-16,completed
2702,225,2025-10-08,cancelled
2703,44,2025-10-27,completed
2704,436,2025-10-01,completed
2705,253,2025-10-17,returned
2706,39,2025-10-12,completed
2707,133,2025-10-04,completed
2708,419,2025-10-22,completed
2709,218,2025-10-10,completed
2710,523,2025-10-14,completed
2711,159,2025-10-25,returned
2712,515,2025-10-25,cancelled
2713,537,2025-10-04,returned
2714,430,2025-10-08,completed
2715,177,2025-10-17,completed
2716,550,2025-10-28,completed
2717,436,2025-10-07,completed
2718,506,2025-10-10,completed
2719,230,2025-10-11,returned
2720,454,2025-10-14,returned
2721,543,2025-10-18,completed
2722,372,2025-10-08,completed
2723,354,2025-10-04,completed
2724,171,2025-10-02,completed
2725,210,2025-10-17,completed
2726,17,2025-10-09,completed
2727,416,2025-10-12,completed
2728,252,2025-10-22,completed
2729,401,2025-10-22,cancelled
2730,595,2025-10-03,completed
2731,595,2025-10-23,completed
2732,30,2025-10-16,completed
2733,195,2025-10-22,completed
2734,257,2025-10-22,completed
2735,305,2025-10-24,completed
2736,63,2025-10-04,returned
2737,48,2025-10-08,completed
2738,11,2025-10-02,completed
2739,409,2025-10-21,completed
2740,501,2025-10-19,cancelled
2741,351,2025-10-21,completed
2742,201,2025-10-22,completed
2743,377,2025-10-25,completed
2744,323,2025-10-11,completed
2745,359,2025-10-12,completed
2746,494,2025-10-21,completed
2747,190,2025-10-09,cancelled
2748,82,2025-10-14,completed
2749,350,2025-10-01,completed
2750,229,2025-10-28,completed
2751,154,2025-10-27,completed
2752,138,2025-10-10,completed
2753,497,2025-10-21,completed
2754,512,2025-10-26,completed
2755,379,2025-10-23,completed
2756,101,2025-10-28,completed
2757,247,2025-10-07,completed
2758,401,2025-10-25,returned
2759,6,2025-10-12,completed
2760,354,2025-10-11,completed
2761,88,2025-10-26,completed
2762,78,2025-10-12,completed
2763,583,2025-10-13,cancelled
2764,339,2025-10-01,completed
2765,486,2025-10-22,returned
2766,284,2025-10-08,completed
2767,567,2025-10-09,completed
2768,339,2025-10-01,completed
2769,453,2025-10-28,completed
2770,86,2025-10-02,completed
2771,320,2025-10-18,completed
2772,269,2025-10-02,completed
2773,454,2025-10-19,completed
2774,120,2025-10-15,completed
2775,90,2025-10-23,completed
2776,576,2025-10-22,completed
2777,453,2025-10-23,completed
2778,564,2025-10-28,cancelled
2779,588,2025-10-05,completed
2780,345,2025-10-21,completed
2781,227,2025-10-09,completed
2782,273,2025-10-27,completed
2783,104,2025-10-03,completed
2784,523,2025-10-17,completed
2785,326,2025-10-26,completed
2786,183,2025-10-18,cancelled
2787,440,2025-10-03,completed
2788,279,2025-10-23,completed
2789,197,2025-10-26,completed
2790,186,2025-10-03,completed
2791,176,2025-10-23,completed
2792,524,2025-10-19,completed
2793,552,2025-10-09,completed
2794,354,2025-10-18,completed
2795,201,2025-10-24,completed
2796,305,2025-10-01,completed
2797,190,2025-10-02,completed
2798,421,2025-10-12,completed
2799,170,2025-10-02,completed
2800,131,2025-10-23,completed
2801,249,2025-10-01,completed
2802,277,2025-10-12,returned
2803,278,2025-10-17,cancelled
2804,395,2025-10-08,completed
2805,599,2025-10-19,completed
2806,564,2025-10-22,completed
2807,393,2025-10-05,returned
2808,276,2025-10-22,completed
2809,116,2025-11-13,completed
2810,225,2025-11-22,completed
2811,204,2025-11-16,returned
2812,524,2025-11-24,returned
2813,163,2025-11-06,completed
2814,218,2025-11-12,completed
2815,569,2025-11-16,completed
2816,534,2025-11-11,completed
2817,93,2025-11-27,completed
2818,498,2025-11-09,completed
2819,583,2025-11-18,completed
2820,365,2025-11-28,completed
2821,482,2025-11-10,completed
2822,19,2025-11-06,cancelled
2823,146,2025-11-09,completed
2824,279,2025-11-06,completed
2825,384,2025-11-07,completed
2826,191,2025-11-08,completed
2827,583,2025-11-26,completed
2828,248,2025-11-16,completed
2829,430,2025-11-08,completed
2830,583,2025-11-06,completed
2831,384,2025-11-19,completed
2832,37,2025-11-09,completed
2833,97,2025-11-18,completed
2834,113,2025-11-05,completed
2835,567,2025-11-22,completed
2836,285,2025-11-18,returned
2837,199,2025-11-10,completed
2838,251,2025-11-17,completed
2839,477,2025-11-16,completed
2840,439,2025-11-02,completed
2841,24,2025-11-04,completed
2842,455,2025-11-13,completed
2843,578,2025-11-17,completed
2844,163,2025-11-21,completed
2845,255,2025-11-16,completed
2846,381,2025-11-08,completed
2847,556,2025-11-06,completed
2848,489,2025-11-08,completed
2849,168,2025-11-06,completed
2850,543,2025-11-13,completed
2851,386,2025-11-19,completed
2852,579,2025-11-27,completed
2853,545,2025-11-17,completed
2854,30,2025-11-21,completed
2855,560,2025-11-18,completed
2856,446,2025-11-22,completed
2857,320,2025-11-06,cancelled
2858,250,2025-11-03,completed
2859,325,2025-11-24,completed
2860,48,2025-11-10,completed
2861,39,2025-11-25,completed
2862,320,2025-11-01,completed
2863,172,2025-11-17,completed
2864,561,2025-11-11,completed
2865,92,2025-11-24,completed
2866,85,2025-11-08,completed
2867,16,2025-11-09,cancelled
2868,514,2025-11-09,completed
2869,224,2025-11-18,completed
2870,446,2025-11-15,completed
2871,569,2025-11-25,completed
2872,16,2025-11-24,completed
2873,578,2025-11-12,completed
2874,337,2025-11-19,completed
2875,214,2025-11-24,completed
2876,536,2025-11-01,completed
2877,436,2025-11-11,completed
2878,583,2025-11-26,completed
2879,170,2025-11-07,completed
2880,234,2025-11-03,completed
2881,230,2025-11-07,completed
2882,561,2025-11-10,completed
2883,180,2025-11-19,returned
2884,515,2025-11-06,completed
2885,398,2025-11-09,completed
2886,229,2025-11-04,cancelled
2887,232,2025-11-09,returned
2888,533,2025-11-16,completed
2889,447,2025-11-11,returned
2890,543,2025-11-10,completed
2891,354,2025-11-24,completed
2892,452,2025-11-08,cancelled
2893,93,2025-11-01,returned
2894,129,2025-11-02,returned
2895,89,2025-11-21,cancelled
2896,451,2025-11-09,completed
2897,306,2025-11-15,completed
2898,183,2025-11-27,completed
2899,114,2025-11-16,completed
2900,267,2025-11-23,cancelled
2901,145,2025-11-27,completed
2902,22,2025-11-04,completed
2903,332,2025-11-25,completed
2904,30,2025-11-03,completed
2905,320,2025-11-04,cancelled
2906,366,2025-11-26,completed
2907,552,2025-11-14,cancelled
2908,104,2025-11-24,completed
2909,46,2025-11-02,completed
2910,209,2025-11-14,completed
2911,46,2025-11-23,completed
2912,329,2025-11-23,completed
2913,253,2025-11-10,completed
2914,320,2025-11-16,completed
2915,130,2025-11-27,completed
2916,392,2025-11-17,completed
2917,17,2025-11-03,completed
2918,145,2025-11-02,cancelled
2919,26,2025-11-27,completed
2920,450,2025-11-22,completed
2921,450,2025-11-04,completed
2922,120,2025-11-02,completed
2923,275,2025-11-07,completed
2924,365,2025-11-18,completed
2925,600,2025-11-10,completed
2926,446,2025-11-28,completed
2927,451,2025-11-02,completed
2928,84,2025-11-24,completed
2929,279,2025-11-03,cancelled
2930,512,2025-11-23,completed
2931,84,2025-11-20,completed
2932,505,2025-11-11,completed
2933,419,2025-11-16,completed
2934,314,2025-11-13,completed
2935,338,2025-11-14,completed
2936,343,2025-11-11,completed
2937,153,2025-11-03,completed
2938,542,2025-11-14,completed
2939,447,2025-11-14,completed
2940,489,2025-11-12,completed
2941,344,2025-11-03,completed
2942,130,2025-11-14,completed
2943,113,2025-11-10,completed
2944,153,2025-11-01,completed
2945,580,2025-11-01,completed
2946,394,2025-11-04,completed
2947,485,2025-11-01,completed
2948,574,2025-11-14,completed
2949,401,2025-11-07,completed
2950,210,2025-11-23,completed
2951,483,2025-11-27,completed
2952,425,2025-11-05,completed
2953,166,2025-11-17,completed
2954,344,2025-11-09,completed
2955,222,2025-11-27,completed
2956,430,2025-11-09,completed
2957,178,2025-11-28,completed
2958,436,2025-11-03,completed
2959,269,2025-11-24,completed
2960,356,2025-11-25,completed
2961,104,2025-11-03,completed
2962,541,2025-11-01,cancelled
2963,512,2025-11-13,completed
2964,172,2025-11-25,completed
2965,482,2025-11-16,completed
2966,274,2025-11-27,completed
2967,355,2025-11-01,completed
2968,226,2025-11-25,returned
2969,466,2025-11-16,cancelled
2970,8,2025-11-10,completed
2971,274,2025-11-02,completed
2972,454,2025-11-13,completed
2973,195,2025-11-12,returned
2974,345,2025-11-22,completed
2975,439,2025-11-02,completed
2976,243,2025-11-15,completed
2977,279,2025-11-18,completed
2978,454,2025-11-23,completed
2979,63,2025-11-28,completed
2980,206,2025-11-15,completed
2981,167,2025-11-06,completed
2982,525,2025-11-20,completed
2983,205,2025-11-10,completed
2984,314,2025-11-27,completed
2985,457,2025-11-04,completed
2986,472,2025-11-08,completed
2987,399,2025-11-02,completed
2988,309,2025-11-11,completed
2989,168,2025-11-23,completed
2990,6,2025-11-18,completed
2991,463,2025-11-13,completed
2992,288,2025-11-09,completed
2993,369,2025-11-26,completed
2994,546,2025-11-04,completed
2995,49,2025-11-08,completed
2996,140,2025-11-01,cancelled
2997,498,2025-11-14,completed
2998,579,2025-11-10,completed
2999,392,2025-11-26,completed
3000,163,2025-11-01,completed
3001,430,2025-11-21,cancelled
3002,242,2025-11-04,completed
3003,373,2025-11-15,cancelled
3004,253,2025-11-25,completed
3005,254,2025-11-10,completed
3006,134,2025-11-11,completed
3007,511,2025-11-08,completed
3008,537,2025-12-05,completed
3009,17,2025-12-24,completed
3010,457,2025-12-19,completed
3011,332,2025-12-28,completed
3012,245,2025-12-28,completed
3013,30,2025-12-25,completed
3014,170,2025-12-02,returned
3015,489,2025-12-13,completed
3016,505,2025-12-22,completed
3017,156,2025-12-07,completed
3018,211,2025-12-01,completed
3019,62,2025-12-06,completed
3020,227,2025-12-09,completed
3021,30,2025-12-24,completed
3022,88,2025-12-28,completed
3023,551,2025-12-23,completed
3024,205,2025-12-15,completed
3025,91,2025-12-12,completed
3026,53,2025-12-01,completed
3027,345,2025-12-02,completed
3028,288,2025-12-11,cancelled
3029,265,2025-12-11,completed
3030,398,2025-12-17,completed
3031,18,2025-12-04,completed
3032,421,2025-12-16,completed
3033,505,2025-12-19,completed
3034,385,2025-12-01,completed
3035,140,2025-12-14,completed
3036,331,2025-12-09,cancelled
3037,30,2025-12-01,completed
3038,167,2025-12-05,cancelled
3039,22,2025-12-25,completed
3040,450,2025-12-07,completed
3041,444,2025-12-15,completed
3042,354,2025-12-23,completed
3043,30,2025-12-09,cancelled
3044,292,2025-12-05,returned
3045,457,2025-12-26,completed
3046,91,2025-12-13,cancelled
3047,185,2025-12-14,completed
3048,11,2025-12-20,completed
3049,19,2025-12-12,completed
3050,239,2025-12-14,completed
3051,73,2025-12-21,cancelled
3052,129,2025-12-08,completed
3053,592,2025-12-12,completed
3054,183,2025-12-26,completed
3055,394,2025-12-14,returned
3056,400,2025-12-11,completed
3057,421,2025-12-15,completed
3058,405,2025-12-01,completed
3059,462,2025-12-14,completed
3060,65,2025-12-01,completed
3061,374,2025-12-03,completed
3062,173,2025-12-22,completed
3063,8,2025-12-24,cancelled
3064,132,2025-12-01,completed
3065,72,2025-12-24,completed
3066,153,2025-12-23,returned
3067,543,2025-12-10,returned
3068,27,2025-12-06,completed
3069,523,2025-12-01,completed
3070,583,2025-12-14,completed
3071,520,2025-12-28,completed
3072,379,2025-12-19,completed
3073,320,2025-12-02,completed
3074,406,2025-12-07,completed
3075,136,2025-12-17,completed
3076,491,2025-12-21,completed
3077,80,2025-12-17,completed
3078,167,2025-12-05,completed
3079,79,2025-12-09,completed
3080,255,2025-12-01,completed
3081,148,2025-12-22,completed
3082,320,2025-12-27,completed
3083,27,2025-12-25,cancelled
3084,170,2025-12-09,completed
3085,88,2025-12-05,completed
3086,292,2025-12-16,completed
3087,53,2025-12-06,returned
3088,432,2025-12-13,completed
3089,273,2025-12-10,completed
3090,512,2025-12-03,completed
3091,148,2025-12-14,completed
3092,192,2025-12-23,completed
3093,256,2025-12-19,completed
3094,567,2025-12-19,cancelled
3095,306,2025-12-06,completed
3096,271,2025-12-13,completed
3097,312,2025-12-12,completed
3098,526,2025-12-10,completed
3099,545,2025-12-28,completed
3100,301,2025-12-16,completed
3101,196,2025-12-01,completed
3102,566,2025-12-03,returned
3103,232,2025-12-08,completed
3104,551,2025-12-28,completed
3105,144,2025-12-16,completed
3106,253,2025-12-24,completed
3107,368,2025-12-09,completed
3108,381,2025-12-03,completed
3109,271,2025-12-02,completed
3110,230,2025-12-21,cancelled
3111,294,2025-12-06,completed
3112,424,2025-12-16,completed
3113,556,2025-12-20,completed
3114,255,2025-12-09,completed
3115,421,2025-12-03,completed
3116,389,2025-12-21,completed
3117,330,2025-12-23,completed
3118,102,2025-12-25,completed
3119,320,2025-12-15,completed
3120,512,2025-12-10,completed
3121,436,2025-12-12,completed
3122,337,2025-12-21,completed
3123,239,2025-12-27,completed
3124,102,2025-12-28,completed
3125,595,2025-12-10,completed
3126,453,2025-12-05,completed
3127,323,2025-12-19,completed
3128,141,2025-12-12,completed
3129,579,2025-12-09,completed
3130,312,2025-12-09,completed
3131,83,2025-12-08,completed
3132,198,2025-12-09,completed
3133,133,2025-12-26,completed
3134,298,2025-12-18,completed
3135,153,2025-12-15,completed
3136,188,2025-12-10,completed
3137,537,2025-12-20,completed
3138,160,2025-12-20,completed
3139,166,2025-12-13,completed
3140,568,2025-12-24,completed
3141,592,2025-12-02,completed
3142,245,2025-12-24,completed
3143,131,2025-12-26,completed
3144,274,2025-12-08,cancelled
3145,251,2025-12-02,completed
3146,340,2025-12-12,completed
3147,386,2025-12-25,cancelled
3148,34,2025-12-18,completed
3149,103,2025-12-21,completed
3150,283,2025-12-26,returned
3151,73,2025-12-27,completed
3152,23,2025-12-02,cancelled
3153,251,2025-12-01,cancelled
3154,473,2025-12-08,completed
3155,525,2025-12-10,completed
3156,19,2025-12-20,completed
3157,332,2025-12-23,completed
3158,496,2025-12-16,returned
3159,230,2025-12-04,completed
3160,153,2025-12-12,completed
3161,352,2025-12-21,completed
3162,153,2025-12-21,completed
3163,180,2025-12-28,completed
3164,542,2025-12-20,completed
3165,484,2025-12-18,completed
3166,79,2025-12-23,completed
3167,51,2025-12-27,completed
3168,224,2025-12-22,cancelled
3169,391,2025-12-09,completed
3170,199,2025-12-07,completed
3171,103,2025-12-08,completed
3172,477,2025-12-17,cancelled
3173,138,2025-12-03,completed
3174,256,2025-12-21,completed
3175,323,2025-12-22,completed
3176,567,2025-12-22,completed
3177,388,2025-12-20,completed
3178,294,2025-12-19,cancelled
3179,260,2025-12-25,completed
3180,120,2025-12-21,completed
3181,567,2025-12-04,completed
3182,301,2025-12-19,completed
3183,559,2025-12-14,completed
3184,319,2025-12-02,returned
3185,377,2025-12-07,completed
3186,249,2025-12-06,completed
3187,300,2025-12-10,completed
3188,159,2025-12-15,completed
3189,210,2025-12-25,completed
3190,49,2025-12-21,completed
3191,119,2025-12-19,returned
3192,329,2025-12-11,completed
3193,269,2025-12-04,completed
3194,305,2025-12-23,completed
3195,74,2025-12-01,completed
3196,28,2025-12-13,completed
3197,240,2025-12-25,completed
3198,63,2025-12-07,completed
3199,195,2025-12-19,completed
3200,4,2025-12-01,completed
3201,288,2025-12-03,completed
3202,470,2025-12-17,completed
3203,258,2025-12-24,completed
3204,509,2025-12-20,completed
3205,74,2025-12-23,completed
3206,551,2025-12-03,returned
3207,393,2025-12-11,completed
3208,61,2025-12-13,completed
3209,148,2025-12-15,completed
3210,277,2025-12-03,completed
3211,34,2025-12-01,completed
3212,79,2025-12-03,cancelled
3213,501,2025-12-03,completed
3214,257,2025-12-03,completed
3215,190,2025-12-16,completed
3216,6,2025-12-11,completed
3217,192,2025-12-22,completed
3218,386,2025-12-02,completed
3219,386,2025-12-09,completed
3220,463,2025-12-17,completed
3221,209,2025-12-17,completed
3222,306,2025-12-05,completed
3223,565,2025-12-14,completed
3224,138,2025-12-26,completed
3225,466,2025-12-05,cancelled
3226,2,2025-12-12,completed
3227,53,2025-12-09,completed
3228,300,2025-12-21,completed
3229,537,2025-12-08,completed
3230,600,2025-12-11,completed
3231,367,2025-12-16,returned
3232,206,2025-12-08,completed
3233,16,2025-12-04,completed
